claim_id,claim_amount,claim_frequency,claim_age_days,days_since_previous_claim,previous_rejections,amount_anomaly_score,fraud_label
CLM00001,132760,1,2,113,1,0.8557,1
CLM00002,231421,1,6,353,2,0.9191,0
CLM00003,42554,3,0,19,3,0.3557,0
CLM00004,160101,3,2,187,4,0.2499,0
CLM00005,104917,5,6,153,0,0.5705,0
CLM00006,146014,4,5,39,5,0.3247,0
CLM00007,114185,8,1,249,5,0.7028,0
CLM00008,246756,2,4,328,2,0.0374,0
CLM00009,163589,7,0,28,2,0.3479,0
CLM00010,243287,7,3,61,1,0.7477,1
CLM00011,89309,1,5,323,3,0.0541,0
CLM00012,236423,1,2,276,4,0.1496,0
CLM00013,16984,4,1,25,5,0.7316,0
CLM00014,91472,7,3,304,4,0.5047,0
CLM00015,194676,4,3,148,3,0.148,0
CLM00016,133009,6,0,243,4,0.7453,0
CLM00017,6673,7,2,43,3,0.5018,0
CLM00018,102832,3,6,69,3,0.5593,1
CLM00019,192021,8,3,333,4,0.1961,1
CLM00020,30248,4,1,36,2,0.7768,0
CLM00021,109044,6,5,294,0,0.1125,1
CLM00022,26133,7,3,187,2,0.1905,0
CLM00023,251034,6,4,335,0,0.7697,1
CLM00024,232571,3,2,315,3,0.6232,0
CLM00025,147352,8,0,119,1,0.6854,0
CLM00026,202198,3,6,43,0,0.7396,0
CLM00027,107015,4,4,75,2,0.0137,0
CLM00028,139927,2,2,230,3,0.0227,1
CLM00029,123109,4,5,275,1,0.2038,0
CLM00030,82431,5,4,247,4,0.7299,0
CLM00031,45442,3,5,357,5,0.0184,0
CLM00032,204582,1,2,87,0,0.284,0
CLM00033,265285,5,0,238,5,0.9452,1
CLM00034,209254,2,3,338,2,0.663,1
CLM00035,75361,6,6,55,0,0.2925,0
CLM00036,25164,7,1,194,4,0.9766,0
CLM00037,6774,2,2,248,4,0.5316,0
CLM00038,220884,3,1,256,3,0.5607,0
CLM00039,109396,1,0,126,4,0.3049,0
CLM00040,211010,8,3,80,0,0.3468,0
CLM00041,12055,6,2,320,2,0.2362,0
CLM00042,41484,5,6,31,5,0.2577,0
CLM00043,161744,7,6,15,4,0.9491,0
CLM00044,160666,4,1,174,3,0.6569,0
CLM00045,16612,2,5,195,4,0.9606,0
CLM00046,63196,4,3,123,4,0.1527,0
CLM00047,159295,5,4,168,3,0.5422,0
CLM00048,27506,4,5,70,4,0.5414,1
CLM00049,96304,4,6,70,2,0.6885,0
CLM00050,148668,3,3,74,5,0.933,1
CLM00051,126124,3,2,34,4,0.533,0
CLM00052,236498,2,1,162,1,0.7271,0
CLM00053,189486,6,3,210,2,0.443,0
CLM00054,124944,5,1,96,0,0.1315,1
CLM00055,97270,1,6,313,4,0.2669,0
CLM00056,35896,4,4,118,1,0.6874,0
CLM00057,155681,6,0,352,3,0.1341,0
CLM00058,238227,8,5,332,2,0.184,1
CLM00059,218703,7,3,242,1,0.1638,0
CLM00060,177810,4,0,209,0,0.9254,1
CLM00061,153281,7,1,343,1,0.7578,0
CLM00062,101170,2,1,224,4,0.4899,0
CLM00063,176356,6,6,234,1,0.4276,0
CLM00064,35772,1,4,194,5,0.3129,0
CLM00065,210743,1,4,55,3,0.4569,0
CLM00066,89843,1,1,265,4,0.3956,0
CLM00067,112897,1,4,198,4,0.7652,0
CLM00068,222181,1,1,149,3,0.398,0
CLM00069,171101,5,6,146,3,0.1665,0
CLM00070,157556,5,4,27,5,0.517,1
CLM00071,117628,3,3,330,3,0.0904,0
CLM00072,153410,2,1,299,5,0.5464,0
CLM00073,232145,7,3,165,3,0.0249,1
CLM00074,99485,8,4,364,1,0.8825,0
CLM00075,66379,2,2,165,5,0.6486,0
CLM00076,64294,3,5,63,0,0.1142,0
CLM00077,146850,8,5,185,0,0.5238,1
CLM00078,202435,7,5,261,4,0.9498,0
CLM00079,60851,7,4,194,0,0.7683,0
CLM00080,202249,6,4,337,1,0.1621,1
CLM00081,70055,3,1,364,0,0.4196,0
CLM00082,138568,5,5,228,2,0.6265,0
CLM00083,68198,2,1,103,0,0.6226,0
CLM00084,230657,5,0,234,3,0.8554,0
CLM00085,130440,1,4,252,1,0.2169,1
CLM00086,188975,8,3,209,3,0.0794,0
CLM00087,58267,1,1,280,2,0.6198,0
CLM00088,226896,4,0,94,1,0.0551,0
CLM00089,19425,6,0,74,0,0.667,0
CLM00090,95886,5,2,44,0,0.1089,0
CLM00091,240902,3,1,344,2,0.6111,1
CLM00092,19533,3,3,296,2,0.9315,0
CLM00093,155447,2,6,153,2,0.3686,0
CLM00094,8221,7,6,34,3,0.8433,0
CLM00095,244585,2,2,241,1,0.122,0
CLM00096,251607,5,2,269,3,0.5246,1
CLM00097,126921,4,4,29,0,0.5714,0
CLM00098,152798,2,3,352,4,0.9339,0
CLM00099,197010,5,3,311,2,0.2597,0
CLM00100,171708,6,1,314,4,0.4964,0
CLM00101,67434,8,3,92,4,0.2327,0
CLM00102,226643,5,1,0,0,0.024,0
CLM00103,219948,2,5,106,4,0.999,0
CLM00104,87577,7,0,170,2,0.5604,0
CLM00105,58139,4,0,327,1,0.69,1
CLM00106,36650,5,6,34,2,0.3003,0
CLM00107,216706,6,6,3,0,0.6858,0
CLM00108,98255,6,3,291,4,0.9601,0
CLM00109,150739,3,1,169,2,0.9223,0
CLM00110,222677,8,3,18,5,0.1358,0
CLM00111,139657,3,5,235,4,0.8959,1
CLM00112,217044,8,6,211,5,0.056,0
CLM00113,12728,5,4,347,2,0.5552,0
CLM00114,236584,1,1,295,5,0.3317,1
CLM00115,229899,6,0,76,2,0.8407,1
CLM00116,99139,6,3,320,4,0.8424,0
CLM00117,11832,7,1,304,0,0.8646,0
CLM00118,206023,5,5,161,5,0.0316,0
CLM00119,212418,7,0,254,1,0.3716,0
CLM00120,160325,5,1,268,2,0.175,0
CLM00121,217441,6,6,19,1,0.9134,0
CLM00122,162722,8,4,12,3,0.905,0
CLM00123,51520,3,1,174,3,0.7324,0
CLM00124,142965,5,6,167,1,0.7695,0
CLM00125,40769,2,6,264,5,0.9927,0
CLM00126,238203,4,5,18,3,0.3876,0
CLM00127,82205,2,0,159,0,0.6871,1
CLM00128,217023,2,2,239,0,0.1031,0
CLM00129,67389,5,0,295,2,0.6389,0
CLM00130,59967,4,2,102,1,0.2866,0
CLM00131,197042,6,6,225,5,0.1177,0
CLM00132,222266,3,1,140,0,0.0153,0
CLM00133,88549,2,1,277,2,0.5494,0
CLM00134,148404,5,1,360,2,0.5741,0
CLM00135,164204,3,0,159,4,0.8922,0
CLM00136,150257,8,0,66,0,0.4707,0
CLM00137,107996,1,0,196,0,0.0861,0
CLM00138,220979,7,1,360,4,0.8913,0
CLM00139,81496,8,4,182,2,0.3323,0
CLM00140,28890,4,5,343,4,0.0785,0
CLM00141,74021,8,4,67,0,0.8129,0
CLM00142,179972,8,0,233,2,0.6845,1
CLM00143,114741,8,3,118,1,0.1437,0
CLM00144,14103,5,2,200,1,0.6996,0
CLM00145,299077,6,6,166,3,0.4875,1
CLM00146,224164,2,3,57,2,0.4787,1
CLM00147,168330,3,2,178,4,0.5747,0
CLM00148,203804,2,3,365,0,0.3259,0
CLM00149,112712,2,6,154,4,0.461,0
CLM00150,164555,7,1,317,1,0.5479,0
CLM00151,246391,8,3,33,2,0.2082,0
CLM00152,229981,7,6,222,4,0.7873,0
CLM00153,75626,4,1,339,5,0.0779,0
CLM00154,204096,8,0,303,4,0.4629,0
CLM00155,110744,2,6,227,1,0.308,1
CLM00156,172195,7,0,306,0,0.6855,1
CLM00157,37472,7,2,253,5,0.6602,0
CLM00158,96687,2,1,71,4,0.9033,0
CLM00159,155014,1,6,75,5,0.1492,0
CLM00160,139553,5,3,315,4,0.4472,1
CLM00161,63659,4,5,162,2,0.5703,0
CLM00162,127342,5,3,176,0,0.5827,0
CLM00163,226061,7,6,65,2,0.0624,0
CLM00164,172928,1,0,360,4,0.8208,0
CLM00165,67993,6,0,144,0,0.2352,0
CLM00166,135383,7,5,162,5,0.3828,0
CLM00167,218913,7,3,279,1,0.6625,0
CLM00168,225368,8,1,96,4,0.3846,0
CLM00169,195103,6,6,213,1,0.2885,0
CLM00170,233440,3,1,5,0,0.6484,0
CLM00171,232119,3,5,249,5,0.4367,0
CLM00172,143893,3,0,70,5,0.8059,0
CLM00173,242665,8,6,356,4,0.9303,0
CLM00174,51353,3,3,260,3,0.5521,0
CLM00175,156068,8,3,181,1,0.1858,0
CLM00176,130147,1,4,255,5,0.2367,0
CLM00177,144207,5,3,279,4,0.367,0
CLM00178,136946,1,4,247,5,0.3686,0
CLM00179,141390,8,5,40,1,0.7302,0
CLM00180,54394,5,3,264,0,0.5234,1
CLM00181,159584,2,1,241,5,0.7417,0
CLM00182,145177,2,5,324,4,0.7981,0
CLM00183,114255,5,4,27,2,0.535,0
CLM00184,7439,1,3,232,4,0.9061,0
CLM00185,147856,6,3,180,2,0.2892,1
CLM00186,189401,1,5,305,5,0.3041,0
CLM00187,66474,5,0,322,3,0.5781,1
CLM00188,242182,1,5,149,5,0.6243,0
CLM00189,50797,5,3,42,1,0.5056,0
CLM00190,228149,5,2,67,4,0.281,0
CLM00191,119744,5,0,57,4,0.1746,0
CLM00192,124678,3,5,228,2,0.8078,0
CLM00193,195424,5,6,358,1,0.4849,1
CLM00194,209253,1,2,43,1,0.5955,0
CLM00195,21603,3,6,253,3,0.7704,0
CLM00196,142128,4,5,225,5,0.6376,0
CLM00197,173140,4,4,176,0,0.6423,0
CLM00198,232912,2,0,85,3,0.3987,1
CLM00199,173641,5,3,272,1,0.3798,0
CLM00200,122196,7,3,134,1,0.5304,0
CLM00201,5044,7,0,147,3,0.382,0
CLM00202,94352,6,4,349,0,0.0974,0
CLM00203,162273,6,6,221,4,0.918,0
CLM00204,222549,5,2,138,2,0.8023,0
CLM00205,220440,5,5,299,3,0.4611,0
CLM00206,61515,4,5,344,4,0.7705,0
CLM00207,159353,6,5,353,1,0.3133,1
CLM00208,158385,1,5,4,0,0.012,0
CLM00209,162429,2,4,53,5,0.4459,0
CLM00210,82115,4,5,145,2,0.1931,0
CLM00211,87289,1,4,47,0,0.9385,0
CLM00212,181258,4,4,326,0,0.7081,1
CLM00213,154589,2,0,309,1,0.376,0
CLM00214,104842,3,0,356,1,0.2533,1
CLM00215,225038,8,5,38,5,0.4534,1
CLM00216,152294,5,6,218,5,0.9034,0
CLM00217,247872,6,2,82,0,0.2773,0
CLM00218,167676,1,3,198,2,0.996,0
CLM00219,55724,5,6,135,1,0.4406,0
CLM00220,78167,8,1,312,3,0.1784,0
CLM00221,45581,8,0,73,4,0.7687,1
CLM00222,24105,4,4,329,0,0.9126,0
CLM00223,147365,5,0,17,0,0.0704,0
CLM00224,62264,5,6,228,0,0.8965,0
CLM00225,68005,3,5,327,0,0.9329,0
CLM00226,146619,7,2,77,5,0.3298,0
CLM00227,240479,7,4,1,4,0.7076,0
CLM00228,180724,8,3,223,3,0.844,0
CLM00229,235329,2,4,115,0,0.3844,0
CLM00230,186036,8,0,290,4,0.935,1
CLM00231,170207,6,2,349,2,0.4006,0
CLM00232,21577,2,2,273,2,0.0805,0
CLM00233,211278,8,6,148,5,0.2031,0
CLM00234,13079,1,3,338,1,0.2989,0
CLM00235,182547,7,0,322,5,0.3593,0
CLM00236,161409,2,5,224,5,0.1895,0
CLM00237,174327,1,1,12,5,0.9964,0
CLM00238,180892,4,3,199,0,0.7927,0
CLM00239,30743,5,3,273,3,0.9666,0
CLM00240,31226,1,0,173,0,0.3377,0
CLM00241,85130,1,3,60,1,0.8071,0
CLM00242,69533,8,5,274,1,0.7411,0
CLM00243,235132,4,0,18,5,0.1416,0
CLM00244,174227,1,3,316,0,0.2427,0
CLM00245,124883,3,0,88,5,0.05,1
CLM00246,147467,5,6,49,3,0.6112,0
CLM00247,207413,2,6,54,0,0.4971,0
CLM00248,7776,4,0,103,3,0.3373,0
CLM00249,153467,7,2,61,5,0.576,0
CLM00250,21478,3,2,109,0,0.5931,0
CLM00251,124182,6,0,61,2,0.1412,0
CLM00252,147698,7,1,356,2,0.5534,0
CLM00253,111389,8,1,297,0,0.1334,0
CLM00254,48412,7,6,80,0,0.8796,0
CLM00255,193036,2,0,3,1,0.9261,0
CLM00256,130572,5,3,355,3,0.6924,0
CLM00257,270016,4,1,327,2,0.5231,1
CLM00258,152745,7,1,89,4,0.6917,0
CLM00259,222674,3,5,255,4,0.9503,0
CLM00260,94829,5,2,214,0,0.5577,0
CLM00261,58044,4,0,271,0,0.6189,0
CLM00262,166152,4,3,320,5,0.2081,0
CLM00263,5314,1,1,57,1,0.6852,0
CLM00264,211977,8,3,90,1,0.6701,0
CLM00265,243573,1,0,330,2,0.2851,0
CLM00266,6864,7,2,171,4,0.8052,0
CLM00267,45574,8,0,53,5,0.0525,0
CLM00268,77236,3,1,14,3,0.5149,0
CLM00269,131814,2,1,227,4,0.5798,0
CLM00270,65233,7,1,346,2,0.2301,0
CLM00271,165963,2,2,116,0,0.2371,0
CLM00272,162350,7,6,102,3,0.8914,0
CLM00273,105748,2,3,299,3,0.0543,0
CLM00274,7807,7,1,110,4,0.455,0
CLM00275,14453,7,2,69,3,0.7198,0
CLM00276,111286,6,2,103,2,0.1272,0
CLM00277,222517,1,2,69,0,0.8517,0
CLM00278,248718,8,3,87,2,0.2199,0
CLM00279,136902,5,4,80,5,0.9528,0
CLM00280,103849,3,4,283,1,0.0865,0
CLM00281,35479,8,6,110,4,0.4735,0
CLM00282,145417,8,2,7,5,0.4281,1
CLM00283,51788,4,1,167,3,0.5795,0
CLM00284,243532,3,4,2,3,0.9802,0
CLM00285,223874,1,3,258,0,0.4257,0
CLM00286,178912,7,3,356,0,0.4524,0
CLM00287,240437,4,0,285,0,0.6932,0
CLM00288,230933,7,1,67,2,0.2958,1
CLM00289,124851,2,0,245,5,0.3048,0
CLM00290,188078,8,6,292,5,0.5837,1
CLM00291,53211,8,3,70,5,0.4054,0
CLM00292,52156,6,5,237,5,0.6334,0
CLM00293,229476,2,3,353,2,0.5309,0
CLM00294,239165,5,3,138,5,0.9461,0
CLM00295,162819,4,6,350,0,0.6205,1
CLM00296,200190,6,5,28,4,0.9453,0
CLM00297,97036,6,0,56,3,0.3656,0
CLM00298,90220,1,2,187,1,0.6482,0
CLM00299,170599,2,4,363,1,0.1384,0
CLM00300,64825,6,1,276,0,0.649,0
CLM00301,100201,4,6,115,2,0.3527,0
CLM00302,66506,5,4,348,3,0.2771,0
CLM00303,235343,2,2,176,3,0.4862,0
CLM00304,45704,2,3,363,4,0.6783,1
CLM00305,39413,5,3,317,2,0.7999,0
CLM00306,233300,2,1,234,0,0.0802,0
CLM00307,170425,3,2,39,0,0.1648,0
CLM00308,64540,2,5,75,3,0.1505,0
CLM00309,5024,4,4,321,0,0.2932,0
CLM00310,203042,3,3,177,3,0.4439,0
CLM00311,54432,1,2,96,0,0.022,0
CLM00312,107163,4,6,266,5,0.3359,0
CLM00313,243539,6,5,330,2,0.4861,0
CLM00314,22947,8,3,155,4,0.132,0
CLM00315,133973,5,1,133,1,0.4842,0
CLM00316,122150,5,6,24,1,0.3531,1
CLM00317,86677,8,1,316,1,0.7118,0
CLM00318,43296,5,1,89,5,0.6929,1
CLM00319,36971,3,1,121,0,0.0412,0
CLM00320,125805,6,4,64,3,0.2604,0
