claim_id,claim_date,claim_amount,claim_age_days,days_since_policy_start,amount_to_premium_ratio,invoice_to_claim_ratio,claimant_claim_frequency,provider_claim_volume,vehicle_age,claimant_age,provider_rating,duplicate_similarity_score,duplicate_flag,claim_type,policy_type,vehicle_type,vehicle_make,provider_type,claimant_city,fraud_label,dup_similarity_score,dup_type,dup_flag,anomaly_score,anomaly_flag,isolation_forest_score,lof_score,ocsvm_score,claim_degree,claimant_degree,policy_degree,vehicle_degree,provider_degree,invoice_degree,location_degree,claim_pagerank,claimant_pagerank,provider_pagerank,claim_betweenness,claimant_betweenness,provider_betweenness,claim_clustering,claimant_clustering,common_neighbors,provider_claim_count,claimant_claim_count,repeated_claimant_provider,fraud_neighbor_count,fraud_neighbor_ratio,suspicious_neighbor_count
CLM00001,2026-01-26,132760,224,6,1.8772,0.6974,1,2,7.0,50.0,3.1,0.4903,1,Theft,Comprehensive,Sedan,Maruti,Surveyor,Ahmedabad,1,0.4903,SIMILAR,1,0.3716,0,0.3716,0.1502,0.6788,6,9,2,6,21,4,90,0.0011165,0.00167767,0.00368452,0.00297895,0.00258639,0.02344063,0.06666667,0.11111111,1,14,4,0,1,0.333333,3
CLM00002,2026-07-13,231421,56,462,2.8806,0.598,3,12,1.0,36.0,4.4,0.4651,1,Theft,Third Party,Sedan,Mahindra,Dealer,Surat,0,0.4651,SIMILAR,1,0.2628,0,0.2628,0.1349,0.7145,6,4,3,4,24,2,91,0.00115517,0.00078061,0.0042378,0.00168807,4.914e-05,0.0263219,0.06666667,0.5,2,14,3,1,1,0.5,0
CLM00003,2026-08-13,42554,25,529,0.9545,3.1064,4,5,2.0,61.0,4.6,0.4413,1,Glass Damage,Third Party,Hatchback,Tata,Hospital,Pune,0,0.4413,SIMILAR,1,0.4505,0,0.4505,0.2316,0.8397,6,6,5,3,17,4,111,0.00109912,0.00111081,0.00308179,0.00327012,0.00049859,0.01695548,0.06666667,0.26666667,1,7,4,0,0,0.0,3
CLM00004,2026-08-31,160101,7,362,4.088,0.1095,6,16,2.0,27.0,3.9,0.4876,1,Theft,Third Party,MUV,Honda,Dealer,Mumbai,0,0.4876,SIMILAR,1,0.4174,0,0.4174,0.1085,0.6027,6,10,7,5,27,5,123,0.00104706,0.00172342,0.0049563,0.00414097,0.00136647,0.04573758,0.06666667,0.15555556,1,16,6,0,1,0.2,3
CLM00005,2026-06-21,104917,78,165,1.3251,0.7433,3,7,1.0,60.0,4.1,0.4177,0,Fire,Zero Dep,SUV,Honda,Hospital,Mumbai,0,0.4177,NO_MATCH,0,0.2166,0,0.2166,0.0374,0.6494,6,6,2,4,19,2,123,0.00118091,0.00120838,0.00339865,0.0041994,0.00131441,0.01025027,0.13333333,0.2,2,10,3,0,0,0.0,1
CLM00006,2026-07-13,146014,56,73,3.0053,0.862,4,17,6.0,27.0,4.3,0.5703,1,Theft,Third Party,SUV,Hyundai,Dealer,Mumbai,0,0.5703,SIMILAR,1,0.5555,0,0.5555,0.2799,0.8395,6,10,8,8,34,2,123,0.00106649,0.00172342,0.00593772,0.00232517,0.00136647,0.03362692,0.06666667,0.15555556,1,25,6,0,1,0.2,3
CLM00007,2026-04-16,114185,144,368,3.2649,1.2073,1,5,3.0,60.0,3.9,0.4062,1,Theft,Comprehensive,SUV,Maruti,Dealer,Ahmedabad,0,0.4062,SIMILAR,1,0.0923,0,0.0923,0.0379,0.2374,6,7,4,4,27,7,90,0.00109714,0.00134485,0.0049563,0.00360317,0.00117364,0.04573758,0.06666667,0.14285714,1,16,3,0,0,0.0,1
CLM00008,2026-01-21,246756,229,209,2.8317,0.3532,1,2,3.0,56.0,3.7,0.4551,1,Fire,Zero Dep,Hatchback,Honda,Dealer,Mumbai,0,0.4551,SIMILAR,1,0.5235,0,0.5235,0.5333,0.8396,6,7,5,9,21,4,123,0.0010743,0.00143988,0.00361305,0.00404383,0.00274541,0.02180532,0.13333333,0.04761905,1,13,1,0,0,0.0,0
CLM00009,2026-06-22,163589,77,287,2.6186,0.225,2,8,5.0,24.0,3.8,0.4852,1,Accident,Third Party,Sedan,Tata,Dealer,Delhi,0,0.4852,SIMILAR,1,0.1469,0,0.1469,0.0452,0.4441,6,5,3,2,15,3,110,0.0011518,0.00094884,0.00258951,0.00166279,0.00054629,0.01284642,0.06666667,0.2,2,11,2,1,0,0.0,0
CLM00010,2026-03-19,243287,172,100,12.9677,0.0508,3,6,2.0,22.0,3.1,0.4808,1,Accident,Third Party,Hatchback,Hyundai,Surveyor,Mumbai,1,0.4808,SIMILAR,1,0.5718,1,0.5718,0.3982,0.8395,6,7,3,3,21,3,123,0.00112505,0.0012312,0.00368452,0.00177428,0.00013471,0.02344063,0.06666667,0.28571429,1,14,6,0,2,0.4,3
CLM00011,2026-05-22,89309,108,101,1.6673,0.9283,1,11,3.0,39.0,4.3,0.46,1,Natural Disaster,Comprehensive,Hatchback,Honda,Dealer,Delhi,0,0.46,SIMILAR,1,0.3964,0,0.3964,0.2221,0.7826,6,5,4,9,34,2,110,0.0010976,0.00093767,0.00593772,0.00143327,0.00080498,0.03362692,0.06666667,0.1,1,25,1,0,0,0.0,0
CLM00012,2026-05-12,236423,118,361,5.7766,0.2229,1,5,3.0,24.0,3.8,0.4852,1,Accident,Zero Dep,MUV,Mahindra,Dealer,Delhi,0,0.4852,SIMILAR,1,0.2354,0,0.2354,0.1329,0.6055,6,5,7,4,15,5,110,0.0010626,0.00094884,0.00258951,0.00251913,0.00054629,0.01284642,0.06666667,0.2,2,11,2,1,0,0.0,0
CLM00013,2026-04-16,16984,144,410,0.381,5.3874,1,4,3.0,23.0,4.1,0.4295,1,Theft,Third Party,Hatchback,Honda,Hospital,Surat,0,0.4295,SIMILAR,1,0.8477,1,0.8477,0.6999,0.8702,6,8,5,9,19,5,91,0.00108949,0.00168807,0.00339865,0.00290002,0.00386066,0.01025027,0.06666667,0.03571429,1,10,1,0,0,0.0,0
CLM00014,2026-02-20,91472,199,235,1.811,1.4752,1,2,7.0,64.0,4.2,0.423,0,Glass Damage,Third Party,SUV,Honda,Garage,Delhi,0,0.423,NO_MATCH,0,0.5094,0,0.5094,0.1103,0.8007,6,9,3,5,21,2,110,0.00113252,0.00160677,0.00398564,0.00192119,0.00132751,0.0212906,0.13333333,0.13888889,2,10,4,0,1,0.333333,3
CLM00015,2026-05-06,194676,124,449,5.1526,0.7645,2,8,4.0,45.0,3.2,0.3996,0,Natural Disaster,Comprehensive,Hatchback,Honda,Hospital,Ahmedabad,0,0.3996,NO_MATCH,0,0.1398,0,0.1398,0.0503,0.4584,6,7,2,4,20,3,90,0.0011398,0.00130467,0.00353992,0.00255006,0.00109231,0.01600983,0.06666667,0.14285714,1,12,3,0,0,0.0,2
CLM00016,2026-05-20,133009,110,64,2.9172,0.2813,1,7,6.0,23.0,4.0,0.4796,1,Glass Damage,Comprehensive,Hatchback,Honda,Dealer,Ahmedabad,0,0.4796,SIMILAR,1,0.1434,0,0.1434,0.0814,0.5084,6,5,3,4,25,3,90,0.00111901,0.00094222,0.00441865,0.00311642,0.00034508,0.01796617,0.06666667,0.3,1,13,3,0,0,0.0,2
CLM00017,2026-07-15,6673,54,256,0.0822,22.8563,4,12,7.0,24.0,4.4,0.5025,1,Theft,Third Party,SUV,Honda,Dealer,Mumbai,0,0.5025,SIMILAR,1,0.7254,1,0.7254,0.8227,0.8396,6,8,5,4,27,2,123,0.00111611,0.00140925,0.00481519,0.00438534,0.00393846,0.03207056,0.06666667,0.14285714,1,16,4,0,0,0.0,2
CLM00018,2026-04-27,102832,133,0,2.1165,0.6713,2,8,8.0,29.0,3.1,0.5209,1,Glass Damage,Third Party,MUV,Maruti,Surveyor,Mumbai,1,0.5209,SIMILAR,1,0.3279,0,0.3279,0.0794,0.7711,6,6,8,6,21,2,123,0.00109184,0.00108376,0.00368452,0.00238867,0.00014474,0.02344063,0.06666667,0.33333333,1,14,5,0,0,0.0,3
CLM00019,2026-05-22,192021,108,471,3.2246,0.4801,4,5,6.0,24.0,3.3,0.464,1,Glass Damage,Third Party,Sedan,Hyundai,Surveyor,Mumbai,1,0.464,SIMILAR,1,0.5868,1,0.5868,0.4027,0.8395,6,11,5,4,16,3,123,0.001113,0.00216585,0.00294923,0.00169759,0.00490743,0.01383975,0.06666667,0.09090909,1,9,5,0,0,0.0,3
CLM00020,2026-08-24,30248,14,430,0.4694,3.1904,4,15,2.0,64.0,3.3,0.4472,1,Theft,Zero Dep,Sedan,Tata,Garage,Delhi,0,0.4472,SIMILAR,1,0.5643,0,0.5643,0.2868,0.8394,6,9,4,3,25,6,110,0.00107497,0.00160677,0.00402168,0.00233771,0.00132751,0.02103591,0.13333333,0.13888889,1,16,4,0,1,0.333333,2
CLM00021,2026-07-23,109044,46,399,1.4997,1.0022,3,10,8.0,60.0,4.1,0.5448,1,Natural Disaster,Comprehensive,MUV,Mahindra,Hospital,Delhi,1,0.5448,SIMILAR,1,0.1667,0,0.1667,0.0807,0.4914,6,6,3,6,19,3,110,0.00110503,0.00109627,0.00339865,0.0040111,0.00076964,0.01025027,0.06666667,0.2,1,10,3,0,1,0.5,2
CLM00022,2026-08-06,26133,32,401,0.4384,1.5836,5,13,6.0,58.0,4.4,0.4768,1,Accident,Third Party,SUV,Hyundai,Dealer,Delhi,0,0.4768,POSSIBLE_DUPLICATE,1,0.3223,0,0.3223,0.1474,0.6049,6,8,5,8,27,3,110,0.00106095,0.00138458,0.00481519,0.00170714,0.00105367,0.03207056,0.06666667,0.17857143,1,16,5,0,0,0.0,4
CLM00023,2026-01-15,251034,235,103,9.8279,0.1144,1,1,6.0,36.0,4.4,0.4595,0,Natural Disaster,Third Party,Sedan,Tata,Dealer,Surat,1,0.4595,NO_MATCH,0,0.3469,0,0.3469,0.1786,0.6635,6,4,4,5,24,3,91,0.00111333,0.00078061,0.0042378,0.0013567,4.914e-05,0.0263219,0.06666667,0.5,2,14,3,1,0,0.0,0
CLM00024,2026-08-19,232571,19,483,2.9569,0.5606,3,6,7.0,37.0,4.6,0.462,1,Glass Damage,Third Party,Sedan,Tata,Hospital,Pune,0,0.462,SIMILAR,1,0.3251,0,0.3251,0.1557,0.7962,6,7,5,2,17,3,111,0.00114054,0.00133045,0.00308179,0.00301676,0.00148898,0.01695548,0.06666667,0.14285714,1,7,3,0,0,0.0,2
CLM00025,2026-08-19,147352,19,211,2.8697,0.2263,2,14,7.0,67.0,4.4,0.417,1,Accident,Zero Dep,SUV,Honda,Dealer,Ahmedabad,0,0.417,SIMILAR,1,0.4793,0,0.4793,0.1241,0.5926,6,7,4,4,27,6,90,0.00111049,0.00151114,0.00481519,0.00155553,0.00819494,0.03207056,0.13333333,0.0952381,2,16,2,0,0,0.0,1
CLM00026,2026-02-06,202198,213,0,7.7281,0.6463,1,3,6.0,69.0,3.1,0.4334,1,Natural Disaster,Third Party,Sedan,Hyundai,Surveyor,Pune,0,0.4334,SIMILAR,1,0.4383,0,0.4383,0.2288,0.8396,6,5,4,4,21,4,111,0.00108642,0.00092495,0.00368452,0.00197179,0.00073873,0.02344063,0.06666667,0.2,1,14,2,0,0,0.0,1
CLM00027,2026-08-06,107015,32,569,1.6671,0.8056,3,9,7.0,40.0,3.2,0.4258,0,Glass Damage,Third Party,Sedan,Maruti,Hospital,Pune,0,0.4258,NO_MATCH,0,0.3214,0,0.3214,0.1948,0.8099,6,5,3,6,26,2,111,0.00113598,0.00093702,0.00490412,0.00191454,0.00031154,0.01762278,0.06666667,0.3,1,9,3,0,0,0.0,2
CLM00028,2026-09-07,139927,0,124,7.3387,0.973,5,11,2.0,53.0,3.4,0.5418,1,Fire,Comprehensive,Sedan,Maruti,Surveyor,Pune,1,0.5418,SIMILAR,1,0.2625,0,0.2625,0.1295,0.5761,6,7,6,5,26,5,111,0.00105967,0.00124541,0.00486327,0.0048519,0.00085746,0.03336735,0.06666667,0.23809524,1,11,5,0,0,0.0,3
CLM00029,2026-07-20,123109,49,125,2.2373,1.2358,6,9,4.0,35.0,4.6,0.489,1,Fire,Third Party,Hatchback,Tata,Garage,Mumbai,0,0.489,SIMILAR,1,0.4439,0,0.4439,0.1444,0.6518,6,10,3,4,24,3,123,0.00113334,0.0017409,0.00463026,0.00453332,0.00218976,0.03104914,0.06666667,0.13333333,1,9,6,0,0,0.0,3
CLM00030,2026-06-08,82431,91,192,1.1766,0.79,1,8,8.0,67.0,3.5,0.4744,1,Accident,Comprehensive,Sedan,Hyundai,Surveyor,Ahmedabad,0,0.4744,POSSIBLE_DUPLICATE,1,0.3804,0,0.3804,0.1154,0.7219,6,9,2,6,20,3,90,0.00112489,0.0015917,0.00344607,0.00173181,0.00162943,0.01678725,0.13333333,0.11111111,2,14,4,0,0,0.0,0
CLM00031,2026-06-12,45442,87,339,1.5141,0.5742,1,6,8.0,67.0,4.8,0.4744,1,Fire,Zero Dep,Sedan,Hyundai,Dealer,Ahmedabad,0,0.4744,POSSIBLE_DUPLICATE,1,0.6214,1,0.6214,0.2341,0.8396,6,7,5,6,22,3,90,0.00112319,0.00151114,0.00397522,0.00316721,0.00819494,0.02019259,0.06666667,0.0952381,1,13,2,0,0,0.0,1
CLM00032,2026-04-03,204582,157,81,4.6595,0.6657,1,3,2.0,57.0,4.2,0.4755,1,Theft,Zero Dep,Sedan,Tata,Garage,Pune,0,0.4755,SIMILAR,1,0.4161,0,0.4161,0.1811,0.6222,6,11,3,8,21,3,111,0.00108802,0.00185403,0.00398564,0.00303178,0.00395972,0.0212906,0.06666667,0.09090909,1,10,5,0,1,0.25,3
CLM00033,2026-05-12,265285,118,290,17.5106,0.0661,5,7,3.0,62.0,4.4,0.6022,1,Accident,Zero Dep,SUV,Hyundai,Dealer,Surat,1,0.6022,SIMILAR,1,0.6686,1,0.6686,0.7196,0.8858,6,7,4,4,24,5,91,0.00107901,0.00123894,0.0042378,0.00130129,0.00021967,0.0263219,0.06666667,0.28571429,1,14,6,0,0,0.0,4
CLM00034,2026-04-10,209254,150,444,3.6553,0.2552,2,4,3.0,53.0,4.2,0.5496,1,Theft,Third Party,Hatchback,Tata,Garage,Ahmedabad,1,0.5496,POSSIBLE_DUPLICATE,1,0.1288,0,0.1288,0.0663,0.5027,6,6,2,6,21,4,90,0.00112995,0.00109343,0.00398564,0.00202437,0.00046373,0.0212906,0.06666667,0.2,1,10,3,0,0,0.0,2
CLM00035,2026-03-19,75361,172,166,2.9504,1.4501,1,4,6.0,56.0,4.0,0.4063,0,Accident,Third Party,Hatchback,Honda,Dealer,Surat,0,0.4063,NO_MATCH,0,0.2478,0,0.2478,0.0598,0.5321,6,2,4,4,25,3,91,0.00114872,0.00045909,0.00441865,0.00265452,0.0,0.01796617,0.13333333,1.0,2,13,1,0,0,0.0,0
CLM00036,2026-07-20,25164,49,264,0.4831,5.3087,3,8,3.0,67.0,4.2,0.4438,1,Theft,Zero Dep,Hatchback,Hyundai,Garage,Ahmedabad,0,0.4438,SIMILAR,1,0.4884,0,0.4884,0.1234,0.794,6,9,6,3,21,4,90,0.00109435,0.0015917,0.00398564,0.00174893,0.00162943,0.0212906,0.06666667,0.11111111,2,10,4,1,0,0.0,1
CLM00037,2026-03-19,6774,172,352,0.1344,22.2939,2,6,3.0,55.0,4.3,0.405,1,Fire,Zero Dep,SUV,Honda,Garage,Pune,0,0.405,SIMILAR,1,0.6225,1,0.6225,0.7426,0.8042,6,6,3,5,21,5,111,0.00108108,0.00115339,0.00347891,0.00154887,0.00078754,0.01346489,0.06666667,0.2,1,16,3,0,0,0.0,1
CLM00038,2026-07-28,220884,41,256,7.887,0.3673,6,10,1.0,22.0,3.7,0.4724,1,Glass Damage,Zero Dep,MUV,Honda,Dealer,Mumbai,0,0.4724,SIMILAR,1,0.4312,0,0.4312,0.1606,0.5808,6,7,6,3,21,3,123,0.00108888,0.0012312,0.00361305,0.00345365,0.00013471,0.02180532,0.06666667,0.28571429,1,13,6,0,3,0.6,3
CLM00039,2026-02-15,109396,204,143,1.498,0.8364,1,2,2.0,40.0,3.5,0.5183,1,Fire,Third Party,SUV,Mahindra,Garage,Pune,0,0.5183,SIMILAR,1,0.0497,0,0.0497,0.0422,0.4198,6,5,3,4,27,5,111,0.00109473,0.00093702,0.00478573,0.00179911,0.00031154,0.01906371,0.06666667,0.3,1,14,3,0,0,0.0,1
CLM00040,2026-07-29,211010,40,169,3.9393,0.158,5,19,3.0,37.0,4.3,0.5634,1,Accident,Comprehensive,Hatchback,Mahindra,Dealer,Surat,0,0.5634,SIMILAR,1,0.4476,0,0.4476,0.3139,0.7802,6,10,4,3,34,6,91,0.0010812,0.00178976,0.00593772,0.00337301,0.00280799,0.03362692,0.13333333,0.13333333,2,25,6,0,0,0.0,5
CLM00041,2026-05-21,12055,109,337,0.1419,9.2737,1,10,5.0,50.0,4.4,0.446,0,Natural Disaster,Zero Dep,Sedan,Maruti,Dealer,Delhi,0,0.446,NO_MATCH,0,0.6002,1,0.6002,0.3454,0.7395,6,7,3,6,27,4,110,0.00111187,0.00143075,0.00481519,0.00224528,0.0085149,0.03207056,0.06666667,0.04761905,1,16,1,0,0,0.0,0
CLM00042,2026-05-08,41484,122,135,0.5229,2.158,1,11,3.0,33.0,3.1,0.405,1,Theft,Comprehensive,Sedan,Honda,Garage,Pune,0,0.405,SIMILAR,1,0.3296,0,0.3296,0.1684,0.7093,6,2,3,3,22,4,111,0.00115499,0.00045253,0.00389565,0.00280953,0.0,0.02002791,0.13333333,1.0,2,14,1,0,0,0.0,0
CLM00043,2026-04-25,161744,135,291,5.3893,0.4149,3,5,1.0,24.0,4.3,0.4597,1,Natural Disaster,Zero Dep,Sedan,Hyundai,Dealer,Mumbai,0,0.4597,SIMILAR,1,0.6683,1,0.6683,0.5178,0.8398,6,11,5,4,34,3,123,0.00110793,0.00216585,0.00593772,0.00392156,0.00490743,0.03362692,0.06666667,0.09090909,1,25,5,0,1,0.25,2
CLM00044,2026-05-18,160666,112,77,2.1875,0.6627,2,4,3.0,25.0,4.8,0.439,0,Accident,Zero Dep,Hatchback,Hyundai,Dealer,Delhi,0,0.439,NO_MATCH,0,0.2103,0,0.2103,0.0798,0.593,6,4,3,4,22,3,110,0.00111875,0.00075715,0.00397522,0.00107781,9.8e-07,0.02019259,0.13333333,0.5,2,13,3,0,1,0.5,2
CLM00045,2026-06-06,16612,93,314,0.3013,5.2464,3,11,2.0,50.0,3.3,0.5199,1,Natural Disaster,Comprehensive,Sedan,Maruti,Garage,Ahmedabad,0,0.5199,SIMILAR,1,0.3494,0,0.3494,0.222,0.6546,6,9,8,4,25,4,90,0.00105788,0.00167767,0.00402168,0.00297244,0.00258639,0.02103591,0.06666667,0.11111111,1,16,4,0,2,0.666667,3
CLM00046,2026-03-08,63196,183,225,4.1714,2.5352,1,2,3.0,43.0,3.3,0.4951,1,Glass Damage,Zero Dep,Sedan,Hyundai,Surveyor,Delhi,0,0.4951,SIMILAR,1,0.3726,0,0.3726,0.1558,0.6867,6,7,4,2,16,4,110,0.0011523,0.00141313,0.00294923,0.00218949,0.00192196,0.01383975,0.06666667,0.0952381,1,9,2,0,0,0.0,1
CLM00047,2026-06-23,159295,76,391,2.0841,0.4088,2,10,2.0,48.0,4.0,0.4365,1,Theft,Comprehensive,MUV,Mahindra,Surveyor,Pune,0,0.4365,SIMILAR,1,0.0049,0,0.0049,0.0272,0.2217,6,7,4,4,22,3,111,0.00109896,0.00126303,0.0040191,0.00081561,0.00111033,0.01691593,0.13333333,0.14285714,2,12,3,0,0,0.0,2
CLM00048,2026-08-24,27506,14,294,0.8363,3.5533,1,10,7.0,23.0,4.2,0.4092,0,Theft,Zero Dep,Hatchback,Maruti,Garage,Mumbai,1,0.4092,NO_MATCH,0,0.4639,0,0.4639,0.2398,0.8397,6,4,8,4,21,3,123,0.00111088,0.00078147,0.00398564,0.00494608,0.00183917,0.0212906,0.06666667,0.16666667,1,10,1,0,0,0.0,0
CLM00049,2026-05-04,96304,126,450,1.405,0.513,3,9,8.0,57.0,3.1,0.5135,1,Natural Disaster,Comprehensive,Hatchback,Mahindra,Surveyor,Mumbai,0,0.5135,SIMILAR,1,0.2786,0,0.2786,0.1354,0.7156,6,8,4,2,21,2,123,0.00119241,0.00158832,0.00368452,0.00499957,0.00180141,0.02344063,0.06666667,0.14285714,2,14,4,1,0,0.0,2
CLM00050,2026-07-01,148668,68,338,1.9544,0.7162,4,10,6.0,25.0,3.9,0.5373,1,Theft,Zero Dep,SUV,Hyundai,Dealer,Delhi,1,0.5373,POSSIBLE_DUPLICATE,1,0.1339,0,0.1339,0.0419,0.142,6,9,3,8,27,3,110,0.00108466,0.00155271,0.0049563,0.00444569,0.00174495,0.04573758,0.06666667,0.13888889,1,16,5,0,2,0.5,3
CLM00051,2026-04-20,126124,140,118,4.0862,1.0931,1,6,5.0,58.0,3.7,0.4594,1,Natural Disaster,Third Party,Hatchback,Tata,Dealer,Delhi,0,0.4594,SIMILAR,1,0.1643,0,0.1643,0.0393,0.3974,6,2,8,3,21,7,110,0.00108921,0.00044445,0.00361305,0.00157312,0.0,0.02180532,0.06666667,1.0,1,13,1,0,0,0.0,0
CLM00052,2026-06-07,236498,92,316,15.6104,0.5236,6,6,6.0,62.0,3.3,0.6022,1,Glass Damage,Zero Dep,MUV,Mahindra,Surveyor,Surat,0,0.6022,SIMILAR,1,0.7233,1,0.7233,0.6955,0.8395,6,7,4,2,16,4,91,0.00113831,0.00123894,0.00294923,0.00112777,0.00021967,0.01383975,0.13333333,0.28571429,2,9,6,0,1,0.2,5
CLM00053,2026-07-12,189486,57,104,4.6804,0.176,2,13,7.0,53.0,3.1,0.6257,1,Accident,Zero Dep,SUV,Maruti,Surveyor,Pune,0,0.6257,SIMILAR,1,0.2373,0,0.2373,0.0645,0.5606,6,7,4,4,21,6,111,0.00106525,0.00124541,0.00368452,0.00182546,0.00085746,0.02344063,0.06666667,0.23809524,1,14,5,0,1,0.25,3
CLM00054,2026-02-20,124944,199,175,2.1043,1.1335,2,1,7.0,22.0,4.1,0.4623,1,Natural Disaster,Third Party,MUV,Tata,Hospital,Mumbai,1,0.4623,SIMILAR,1,0.2752,0,0.2752,0.1163,0.5181,6,7,7,5,19,2,123,0.00109523,0.0012312,0.00339865,0.00079653,0.00013471,0.01025027,0.13333333,0.28571429,2,10,6,0,2,0.4,4
CLM00055,2026-03-31,97270,160,326,2.1613,0.3011,3,1,2.0,55.0,3.2,0.405,1,Glass Damage,Comprehensive,MUV,Mahindra,Hospital,Pune,0,0.405,SIMILAR,1,0.1595,0,0.1595,0.051,0.6383,6,6,4,4,26,4,111,0.00110263,0.00115339,0.00490412,0.00279217,0.00078754,0.01762278,0.06666667,0.2,1,9,3,0,0,0.0,2
CLM00056,2026-03-22,35896,169,200,0.9166,4.2071,2,5,8.0,59.0,4.4,0.4629,1,Accident,Third Party,SUV,Mahindra,Dealer,Surat,0,0.4629,SIMILAR,1,0.5338,0,0.5338,0.1751,0.7079,6,9,7,3,27,5,91,0.00107332,0.00157895,0.00481519,0.00214431,0.00170683,0.03207056,0.06666667,0.11111111,1,16,4,0,0,0.0,1
CLM00057,2026-02-05,155681,214,298,4.4515,0.8241,2,5,5.0,21.0,3.1,0.4301,1,Theft,Comprehensive,Sedan,Mahindra,Garage,Mumbai,0,0.4301,SIMILAR,1,0.4712,0,0.4712,0.1716,0.657,6,10,4,2,22,3,123,0.00112781,0.00170921,0.00389565,0.00414892,0.00096237,0.02002791,0.06666667,0.15555556,1,14,7,0,1,0.166667,5
CLM00058,2026-05-06,238227,124,250,4.0122,0.385,3,6,3.0,28.0,4.4,0.4761,1,Glass Damage,Third Party,SUV,Hyundai,Dealer,Mumbai,1,0.4761,SIMILAR,1,0.3815,0,0.3815,0.1383,0.6708,6,9,7,7,24,2,123,0.00109776,0.00164446,0.0042378,0.00344963,0.00188059,0.0263219,0.06666667,0.11111111,2,14,4,1,0,0.0,2
CLM00059,2026-02-19,218703,200,279,5.3436,0.6905,1,3,8.0,53.0,3.5,0.5199,1,Glass Damage,Zero Dep,MUV,Maruti,Garage,Ahmedabad,0,0.5199,SIMILAR,1,0.1789,0,0.1789,0.0691,0.436,6,6,7,6,27,5,90,0.00105724,0.00109343,0.00478573,0.00169948,0.00046373,0.01906371,0.06666667,0.2,2,14,3,1,1,0.5,0
CLM00060,2026-04-24,177810,136,75,11.5943,0.6042,1,3,7.0,27.0,4.8,0.5052,1,Fire,Third Party,SUV,Honda,Dealer,Mumbai,1,0.5052,SIMILAR,1,0.6211,1,0.6211,0.3417,0.8394,6,10,3,5,22,4,123,0.00109426,0.00172342,0.00397522,0.00698375,0.00136647,0.02019259,0.06666667,0.15555556,2,13,6,1,0,0.0,2
CLM00061,2026-04-28,153281,132,301,2.5715,0.1612,1,9,5.0,61.0,3.3,0.4373,1,Natural Disaster,Third Party,MUV,Maruti,Garage,Ahmedabad,0,0.4373,SIMILAR,1,0.1693,0,0.1693,0.0209,0.4047,6,6,5,5,25,3,90,0.00106685,0.00110811,0.00402168,0.00179196,0.00186492,0.02103591,0.06666667,0.13333333,1,16,2,0,0,0.0,1
CLM00062,2026-07-30,101170,39,132,4.686,0.6808,6,9,8.0,37.0,3.2,0.5634,1,Accident,Comprehensive,SUV,Hyundai,Hospital,Surat,0,0.5634,SIMILAR,1,0.3223,0,0.3223,0.1863,0.6525,6,10,3,4,20,2,91,0.00114589,0.00178976,0.00353992,0.00369382,0.00280799,0.01600983,0.06666667,0.13333333,2,12,6,1,0,0.0,4
CLM00063,2026-08-01,176356,37,235,9.4001,0.7021,3,15,1.0,25.0,4.3,0.382,1,Fire,Third Party,Sedan,Hyundai,Garage,Delhi,0,0.382,SIMILAR,1,0.2504,0,0.2504,0.1264,0.5,6,4,3,4,21,4,110,0.00110556,0.00075715,0.00347891,0.00162882,9.8e-07,0.01346489,0.06666667,0.5,1,16,3,0,1,0.5,2
CLM00064,2026-08-10,35772,28,458,0.8889,2.3415,3,11,6.0,48.0,3.5,0.4365,1,Theft,Comprehensive,MUV,Maruti,Surveyor,Pune,0,0.4365,SIMILAR,1,0.1307,0,0.1307,0.0704,0.3362,6,7,3,4,20,3,111,0.00111081,0.00126303,0.00344607,0.00289694,0.00111033,0.01678725,0.06666667,0.14285714,1,14,3,0,0,0.0,2
CLM00065,2026-02-05,210743,214,282,4.0484,0.8325,1,3,7.0,58.0,3.3,0.5281,1,Theft,Zero Dep,MUV,Hyundai,Garage,Ahmedabad,0,0.5281,SIMILAR,1,0.1566,0,0.1566,0.0411,0.4144,6,5,3,6,25,3,90,0.001099,0.0009595,0.00402168,0.00156618,0.00234182,0.02103591,0.06666667,0.3,2,16,3,1,0,0.0,1
CLM00066,2026-02-13,89843,206,290,1.7259,0.2617,1,2,3.0,37.0,3.3,0.4154,0,Fire,Zero Dep,Sedan,Tata,Surveyor,Pune,0,0.4154,NO_MATCH,0,0.019,0,0.019,0.0245,0.2336,6,7,3,3,22,2,111,0.00117297,0.00133045,0.00424323,0.00301956,0.00148898,0.03031276,0.06666667,0.14285714,1,11,3,0,0,0.0,1
CLM00067,2026-07-21,112897,48,505,2.8751,1.1237,4,12,7.0,37.0,4.0,0.545,1,Fire,Zero Dep,SUV,Mahindra,Dealer,Surat,0,0.545,POSSIBLE_DUPLICATE,1,0.2947,0,0.2947,0.1729,0.6045,6,10,6,4,25,3,91,0.00109159,0.00178976,0.00441865,0.00265537,0.00280799,0.01796617,0.13333333,0.13333333,2,13,6,0,0,0.0,5
CLM00068,2026-03-24,222181,167,406,2.5925,0.656,3,5,7.0,58.0,4.0,0.5177,1,Natural Disaster,Comprehensive,Hatchback,Hyundai,Dealer,Delhi,0,0.5177,SIMILAR,1,0.1906,0,0.1906,0.1276,0.592,6,8,4,4,25,3,110,0.00109476,0.00138458,0.00441865,0.00494066,0.00105367,0.01796617,0.06666667,0.17857143,1,13,5,0,0,0.0,4
CLM00069,2026-01-20,171101,230,323,4.3574,0.4657,1,2,7.0,59.0,4.3,0.4515,0,Accident,Zero Dep,SUV,Honda,Dealer,Pune,0,0.4515,NO_MATCH,0,0.4261,0,0.4261,0.2589,0.7349,6,2,6,5,34,2,111,0.00113667,0.00045,0.00593772,0.0025431,0.0,0.03362692,0.06666667,1.0,1,25,1,0,0,0.0,0
CLM00070,2026-03-25,157556,166,22,3.5156,0.9469,2,5,6.0,33.0,4.0,0.5041,1,Accident,Third Party,Sedan,Honda,Surveyor,Ahmedabad,1,0.5041,SIMILAR,1,0.137,0,0.137,0.0607,0.4618,6,4,5,3,22,3,90,0.00112311,0.00077156,0.0040191,0.0028135,6.572e-05,0.01691593,0.06666667,0.5,1,12,3,0,1,0.5,1
CLM00071,2026-02-25,117628,194,285,2.874,0.2068,1,5,3.0,28.0,4.4,0.4495,1,Natural Disaster,Zero Dep,Sedan,Tata,Dealer,Mumbai,0,0.4495,SIMILAR,1,0.3613,0,0.3613,0.1162,0.6176,6,9,7,3,24,3,123,0.00109508,0.00164446,0.0042378,0.00276635,0.00188059,0.0263219,0.06666667,0.11111111,2,14,4,1,1,0.333333,2
CLM00072,2026-02-03,153410,216,307,1.8046,0.5384,1,3,6.0,63.0,4.4,0.429,1,Fire,Comprehensive,MUV,Honda,Dealer,Surat,0,0.429,SIMILAR,1,0.201,0,0.201,0.0677,0.476,6,5,3,2,24,2,91,0.00122361,0.00109801,0.0042378,0.00308579,0.00142214,0.0263219,0.06666667,0.2,1,14,2,0,1,1.0,1
CLM00073,2026-08-26,232145,12,403,3.4142,0.2725,2,9,3.0,66.0,3.3,0.4119,0,Theft,Zero Dep,SUV,Honda,Surveyor,Delhi,1,0.4119,NO_MATCH,0,0.2466,0,0.2466,0.1053,0.7069,6,4,4,5,16,2,110,0.00113429,0.00075989,0.00294923,0.00202437,0.00025968,0.01383975,0.06666667,0.33333333,1,9,2,0,0,0.0,1
CLM00074,2026-06-17,99485,82,403,3.3214,1.4861,2,7,5.0,47.0,3.8,0.4034,1,Fire,Third Party,Hatchback,Tata,Dealer,Surat,0,0.4034,SIMILAR,1,0.0735,0,0.0735,0.0449,0.2176,6,6,4,3,15,3,91,0.00111135,0.00108941,0.00258951,0.00537711,0.00071532,0.01284642,0.06666667,0.2,1,11,3,0,1,0.5,2
CLM00075,2026-07-13,66379,56,214,3.2743,2.2433,4,9,3.0,49.0,4.6,0.4721,1,Accident,Third Party,MUV,Mahindra,Hospital,Delhi,0,0.4721,SIMILAR,1,0.2174,0,0.2174,0.0805,0.4025,6,9,8,4,21,3,110,0.00107879,0.00158368,0.00386897,0.0040818,0.00328969,0.01812876,0.06666667,0.11111111,2,11,4,1,1,0.333333,2
CLM00076,2026-06-01,64294,98,286,0.7168,0.2479,3,7,2.0,61.0,3.5,0.5129,1,Natural Disaster,Third Party,Hatchback,Hyundai,Surveyor,Mumbai,0,0.5129,SIMILAR,1,0.1052,0,0.1052,0.028,0.5431,6,6,4,3,20,4,123,0.00109803,0.00107257,0.00344607,0.00304864,0.00043915,0.01678725,0.06666667,0.26666667,1,14,4,0,0,0.0,2
CLM00077,2026-02-03,146850,216,360,2.1424,1.1358,1,3,5.0,36.0,3.1,0.4137,0,Accident,Comprehensive,Sedan,Tata,Garage,Pune,1,0.4137,NO_MATCH,0,0.0601,0,0.0601,0.0066,0.2208,6,4,4,4,22,2,111,0.00113251,0.00075086,0.00389565,0.00258799,5.078e-05,0.02002791,0.13333333,0.5,2,14,3,0,1,0.5,2
CLM00078,2026-07-28,202435,41,328,5.1689,0.0982,6,18,8.0,21.0,4.3,0.5295,1,Theft,Third Party,SUV,Hyundai,Dealer,Mumbai,0,0.5295,SIMILAR,1,0.6644,1,0.6644,0.3748,0.8398,6,10,7,6,34,5,123,0.00103673,0.00170921,0.00593772,0.00183364,0.00096237,0.03362692,0.06666667,0.15555556,1,25,7,0,1,0.166667,5
CLM00079,2026-07-04,60851,65,193,0.9031,2.176,3,11,1.0,24.0,4.0,0.5318,1,Theft,Third Party,MUV,Honda,Surveyor,Mumbai,0,0.5318,POSSIBLE_DUPLICATE,1,0.3418,0,0.3418,0.1285,0.6895,6,8,5,3,22,2,123,0.00113784,0.00140925,0.0040191,0.00351528,0.00393846,0.01691593,0.06666667,0.14285714,1,12,4,0,0,0.0,2
CLM00080,2026-02-05,202249,214,174,4.8524,0.7922,1,1,8.0,39.0,3.5,0.4035,1,Fire,Comprehensive,Sedan,Tata,Surveyor,Pune,1,0.4035,SIMILAR,1,0.2038,0,0.2038,0.0621,0.5619,6,5,6,2,20,4,111,0.00114121,0.00101542,0.00344607,0.00159196,0.0008927,0.01678725,0.06666667,0.1,1,14,1,0,0,0.0,0
CLM00081,2026-01-22,70055,228,0,3.6741,1.2441,1,1,7.0,25.0,3.8,0.416,0,Glass Damage,Comprehensive,Hatchback,Hyundai,Dealer,Delhi,0,0.416,NO_MATCH,0,0.276,0,0.276,0.0889,0.5529,6,9,6,4,15,4,110,0.00105966,0.00155271,0.00258951,0.00363144,0.00174495,0.01284642,0.06666667,0.13888889,1,11,5,0,3,0.75,3
CLM00082,2026-06-05,138568,94,495,4.4835,0.3178,4,10,1.0,35.0,3.1,0.4553,0,Natural Disaster,Comprehensive,Sedan,Maruti,Surveyor,Mumbai,0,0.4553,NO_MATCH,0,0.5317,0,0.5317,0.2888,0.8396,6,10,2,2,21,3,123,0.00117227,0.0017409,0.00368452,0.00396204,0.00218976,0.02344063,0.06666667,0.13333333,1,14,6,0,0,0.0,2
CLM00083,2026-01-29,68198,221,168,1.3002,0.6994,1,1,7.0,39.0,3.5,0.4436,1,Glass Damage,Zero Dep,Sedan,Maruti,Garage,Delhi,0,0.4436,SIMILAR,1,0.0574,0,0.0574,0.0302,0.21,6,5,3,6,27,4,110,0.00108624,0.0009108,0.00478573,0.00074599,0.00019569,0.01906371,0.13333333,0.4,2,14,4,0,2,0.666667,3
CLM00084,2026-04-10,230657,150,389,14.6672,0.0691,1,5,3.0,24.0,3.7,0.464,1,Natural Disaster,Zero Dep,Hatchback,Hyundai,Dealer,Mumbai,0,0.464,SIMILAR,1,0.5763,1,0.5763,0.3628,0.8396,6,8,3,4,21,4,123,0.00109844,0.00140925,0.00361305,0.00224614,0.00393846,0.02180532,0.06666667,0.14285714,1,13,4,0,0,0.0,2
CLM00085,2026-01-05,130440,245,13,4.226,0.5145,1,1,6.0,25.0,3.2,0.4192,1,Accident,Third Party,MUV,Honda,Hospital,Delhi,1,0.4192,SIMILAR,1,0.1474,0,0.1474,0.0379,0.5211,6,4,8,6,20,3,110,0.00107025,0.00075715,0.00353992,0.00069414,9.8e-07,0.01600983,0.13333333,0.5,2,12,3,0,0,0.0,2
CLM00086,2026-04-19,188975,141,333,2.159,0.5172,2,7,3.0,48.0,3.2,0.4265,1,Glass Damage,Comprehensive,Sedan,Honda,Hospital,Delhi,0,0.4265,POSSIBLE_DUPLICATE,1,0.0924,0,0.0924,0.0308,0.3574,6,6,2,3,20,3,110,0.00119696,0.00118804,0.00353992,0.00210658,0.00121921,0.01600983,0.13333333,0.13333333,2,12,2,0,0,0.0,1
CLM00087,2026-08-24,58267,14,597,1.0762,1.9967,2,12,4.0,61.0,3.5,0.3798,0,Theft,Third Party,Hatchback,Honda,Surveyor,Ahmedabad,0,0.3798,NO_MATCH,0,0.3017,0,0.3017,0.1217,0.738,6,6,3,6,20,4,90,0.00109053,0.00110811,0.00344607,0.00096528,0.00186492,0.01678725,0.13333333,0.13333333,2,14,2,0,0,0.0,1
CLM00088,2026-07-06,226896,63,473,9.689,0.2951,3,9,4.0,34.0,4.8,0.5423,1,Theft,Comprehensive,Hatchback,Honda,Dealer,Delhi,0,0.5423,SIMILAR,1,0.3981,0,0.3981,0.1905,0.7613,6,5,2,6,22,2,110,0.00116261,0.00093159,0.00397522,0.00149354,0.00024359,0.02019259,0.13333333,0.3,3,13,3,1,0,0.0,1
CLM00089,2026-06-05,19425,94,75,0.2809,3.0186,2,9,4.0,69.0,4.0,0.3671,1,Theft,Third Party,MUV,Maruti,Surveyor,Pune,0,0.3671,SIMILAR,1,0.3556,0,0.3556,0.1926,0.8395,6,5,3,4,22,3,111,0.00111692,0.00092495,0.0040191,0.00264821,0.00073873,0.01691593,0.13333333,0.2,2,12,2,0,0,0.0,1
CLM00090,2026-09-01,95886,6,118,5.0289,0.7376,3,16,8.0,36.0,3.3,0.5418,1,Fire,Comprehensive,MUV,Maruti,Garage,Pune,0,0.5418,SIMILAR,1,0.1571,0,0.1571,0.0499,0.4184,6,4,6,6,25,3,111,0.00105941,0.00075086,0.00402168,0.0008622,5.078e-05,0.02103591,0.13333333,0.5,2,16,3,0,2,1.0,2
CLM00091,2026-07-17,240902,52,75,5.012,0.6608,5,10,8.0,21.0,4.6,0.5295,1,Fire,Third Party,SUV,Hyundai,Hospital,Mumbai,1,0.5295,SIMILAR,1,0.6122,1,0.6122,0.2688,0.8234,6,10,2,4,21,3,123,0.00113667,0.00170921,0.00386897,0.00248299,0.00096237,0.01812876,0.06666667,0.15555556,1,11,7,0,0,0.0,5
CLM00092,2026-04-03,19533,157,63,1.1124,5.9563,2,7,2.0,48.0,4.0,0.391,1,Glass Damage,Zero Dep,SUV,Mahindra,Surveyor,Pune,0,0.391,SIMILAR,1,0.2844,0,0.2844,0.128,0.5949,6,8,3,3,22,4,111,0.00112741,0.00154305,0.0040191,0.00269625,0.00387549,0.01691593,0.13333333,0.14285714,2,12,4,0,0,0.0,2
CLM00093,2026-08-17,155447,21,174,5.3294,1.1046,7,11,4.0,21.0,3.2,0.4848,1,Accident,Third Party,Hatchback,Honda,Hospital,Mumbai,0,0.4848,SIMILAR,1,0.4755,0,0.4755,0.1469,0.6274,6,10,4,4,20,4,123,0.00107221,0.00170921,0.00353992,0.00221163,0.00096237,0.01600983,0.06666667,0.15555556,1,12,7,0,1,0.166667,5
CLM00094,2026-08-09,8221,29,389,0.3968,14.3414,3,14,7.0,32.0,3.9,0.3769,0,Natural Disaster,Third Party,MUV,Tata,Dealer,Surat,0,0.3769,NO_MATCH,0,0.5051,0,0.5051,0.4937,0.8375,6,4,7,4,27,3,91,0.00110762,0.00077911,0.0049563,0.00377612,0.00014747,0.04573758,0.13333333,0.5,2,16,3,0,0,0.0,2
CLM00095,2026-07-25,244585,44,85,5.0341,0.4806,3,11,2.0,53.0,3.9,0.489,1,Natural Disaster,Third Party,SUV,Mahindra,Dealer,Pune,0,0.489,SIMILAR,1,0.2752,0,0.2752,0.0987,0.5939,6,7,8,6,27,4,111,0.00105106,0.00124541,0.0049563,0.00211723,0.00085746,0.04573758,0.06666667,0.23809524,1,16,5,0,1,0.25,3
CLM00096,2026-03-11,251607,180,227,4.5635,0.6741,2,5,7.0,63.0,4.6,0.429,1,Accident,Comprehensive,SUV,Honda,Hospital,Surat,1,0.429,SIMILAR,1,0.3299,0,0.3299,0.098,0.795,6,5,8,5,21,3,91,0.00111821,0.00109801,0.00386897,0.00339292,0.00142214,0.01812876,0.06666667,0.2,1,11,2,0,0,0.0,1
CLM00097,2026-08-13,126921,25,250,3.633,0.7295,4,20,4.0,69.0,4.3,0.4144,1,Fire,Zero Dep,SUV,Honda,Dealer,Mumbai,0,0.4144,SIMILAR,1,0.3304,0,0.3304,0.1721,0.6924,6,8,2,5,34,4,123,0.00111323,0.00148982,0.00593772,0.0040706,0.00684966,0.03362692,0.06666667,0.14285714,1,25,4,0,0,0.0,3
CLM00098,2026-03-16,152798,175,128,4.2731,0.6141,1,2,8.0,67.0,4.1,0.5229,1,Glass Damage,Comprehensive,MUV,Maruti,Hospital,Surat,0,0.5229,SIMILAR,1,0.3134,0,0.3134,0.0863,0.5513,6,9,4,6,19,3,91,0.00110141,0.00175484,0.00339865,0.00319734,0.00844017,0.01025027,0.06666667,0.13888889,2,10,4,1,0,0.0,2
CLM00099,2026-02-20,197010,199,331,2.1986,0.1009,2,3,3.0,24.0,3.2,0.5185,1,Theft,Third Party,MUV,Hyundai,Hospital,Delhi,0,0.5185,SIMILAR,1,0.1871,0,0.1871,0.0872,0.374,6,9,4,3,20,5,110,0.00109013,0.00160484,0.00353992,0.00105959,0.00293495,0.01600983,0.13333333,0.11111111,2,12,4,0,1,0.333333,3
CLM00100,2026-03-30,171708,161,230,6.3692,0.1832,1,2,4.0,61.0,4.6,0.4576,1,Accident,Third Party,Sedan,Mahindra,Hospital,Mumbai,0,0.4576,POSSIBLE_DUPLICATE,1,0.3431,0,0.3431,0.1633,0.6789,6,6,3,4,17,3,123,0.00111102,0.00107257,0.00308179,0.00135829,0.00043915,0.01695548,0.13333333,0.26666667,2,7,4,0,0,0.0,3
CLM00101,2026-05-16,67434,114,345,1.3305,1.3343,2,10,3.0,61.0,4.3,0.5129,1,Accident,Third Party,MUV,Mahindra,Garage,Mumbai,0,0.5129,SIMILAR,1,0.1082,0,0.1082,0.0525,0.4184,6,6,5,4,21,2,123,0.00110551,0.00107257,0.00347891,0.0047963,0.00043915,0.01346489,0.13333333,0.26666667,2,16,4,0,0,0.0,2
CLM00102,2026-08-18,226643,20,168,5.0572,0.3607,3,15,1.0,23.0,3.9,0.4693,0,Fire,Third Party,SUV,Honda,Dealer,Ahmedabad,0,0.4693,NO_MATCH,0,0.4422,0,0.4422,0.1555,0.7134,6,7,5,5,27,2,90,0.00111559,0.00126065,0.0049563,0.0054481,0.00188893,0.04573758,0.13333333,0.14285714,1,16,3,0,0,0.0,0
CLM00103,2026-06-13,219948,86,525,4.0627,0.6866,2,8,7.0,68.0,3.4,0.4227,1,Glass Damage,Third Party,SUV,Mahindra,Surveyor,Ahmedabad,0,0.4227,SIMILAR,1,0.4372,0,0.4372,0.1509,0.8394,6,6,3,4,26,5,90,0.00111469,0.00113434,0.00486327,0.00210539,0.00212233,0.03336735,0.13333333,0.13333333,2,11,2,0,1,1.0,1
CLM00104,2026-08-06,87577,32,541,1.0219,1.773,4,9,7.0,67.0,4.2,0.4438,1,Natural Disaster,Comprehensive,SUV,Hyundai,Garage,Ahmedabad,0,0.4438,SIMILAR,1,0.5339,0,0.5339,0.169,0.8319,6,9,4,3,21,2,90,0.00114767,0.0015917,0.00398564,0.00307296,0.00162943,0.0212906,0.06666667,0.11111111,2,10,4,1,0,0.0,1
CLM00105,2026-08-30,58139,8,249,3.0953,1.4183,5,7,2.0,25.0,4.6,0.3915,1,Accident,Comprehensive,MUV,Maruti,Hospital,Delhi,1,0.3915,SIMILAR,1,0.3552,0,0.3552,0.1153,0.6655,6,9,4,4,17,2,110,0.0011159,0.00155271,0.00308179,0.004798,0.00174495,0.01695548,0.06666667,0.13888889,1,7,5,0,2,0.5,4
CLM00106,2026-04-15,36650,145,0,1.4683,2.4966,2,8,3.0,57.0,4.0,0.4755,1,Theft,Comprehensive,MUV,Mahindra,Surveyor,Pune,0,0.4755,SIMILAR,1,0.4555,0,0.4555,0.2459,0.8016,6,11,4,4,22,5,111,0.00107186,0.00185403,0.0040191,0.00116222,0.00395972,0.01691593,0.13333333,0.09090909,2,12,5,0,1,0.25,2
CLM00107,2026-02-10,216706,209,290,2.871,0.6823,1,4,2.0,57.0,4.3,0.5036,1,Glass Damage,Comprehensive,MUV,Honda,Garage,Mumbai,0,0.5036,POSSIBLE_DUPLICATE,1,0.1156,0,0.1156,0.0585,0.4348,6,8,3,5,21,3,123,0.00111722,0.00158832,0.00347891,0.00397559,0.00180141,0.01346489,0.13333333,0.14285714,2,16,4,0,0,0.0,3
CLM00108,2026-03-05,98255,186,0,1.7856,1.4835,2,3,5.0,29.0,3.5,0.4838,1,Accident,Third Party,Sedan,Maruti,Surveyor,Delhi,0,0.4838,SIMILAR,1,0.233,0,0.233,0.0555,0.5287,6,7,3,3,20,3,110,0.00112051,0.00121731,0.00344607,0.00161326,0.00042981,0.01678725,0.13333333,0.19047619,1,14,4,0,0,0.0,3
CLM00109,2026-04-26,150739,134,124,4.8837,0.2493,3,6,4.0,48.0,4.3,0.5052,1,Theft,Third Party,Hatchback,Tata,Dealer,Pune,0,0.5052,SIMILAR,1,0.2381,0,0.2381,0.1411,0.4274,6,8,8,4,34,5,111,0.00107331,0.00154305,0.00593772,0.0014179,0.00387549,0.03362692,0.06666667,0.14285714,1,25,4,0,0,0.0,2
CLM00110,2026-01-16,222677,234,296,7.0183,0.6853,1,2,8.0,24.0,4.3,0.5185,1,Theft,Third Party,SUV,Hyundai,Garage,Delhi,0,0.5185,SIMILAR,1,0.3264,0,0.3264,0.1613,0.3379,6,9,4,6,21,2,110,0.00109114,0.00160484,0.00347891,0.00383906,0.00293495,0.01346489,0.06666667,0.11111111,1,16,4,0,1,0.333333,3
CLM00111,2026-08-29,139657,9,218,1.6822,0.9535,4,16,8.0,68.0,4.4,0.5376,1,Accident,Third Party,Hatchback,Tata,Dealer,Delhi,1,0.5376,SIMILAR,1,0.1936,0,0.1936,0.0937,0.4793,6,5,3,3,27,2,110,0.0011614,0.00092228,0.00481519,0.00183102,5.095e-05,0.03207056,0.06666667,0.4,2,16,4,1,1,0.333333,2
CLM00112,2026-08-01,217044,37,351,5.2074,0.3358,2,10,1.0,68.0,3.5,0.4851,1,Accident,Comprehensive,SUV,Honda,Surveyor,Delhi,0,0.4851,SIMILAR,1,0.2303,0,0.2303,0.0892,0.5793,6,5,6,4,20,3,110,0.00109016,0.00092228,0.00344607,0.00148386,5.095e-05,0.01678725,0.06666667,0.4,1,14,4,0,2,0.666667,3
CLM00113,2026-05-08,12728,122,139,0.2718,1.9112,3,6,2.0,49.0,4.6,0.446,0,Natural Disaster,Zero Dep,Sedan,Tata,Hospital,Delhi,0,0.446,NO_MATCH,0,0.3053,0,0.3053,0.1715,0.7385,6,9,3,3,21,3,110,0.00112119,0.00158368,0.00386897,0.00183735,0.00328969,0.01812876,0.06666667,0.11111111,2,11,4,1,1,0.333333,2
CLM00114,2026-04-25,236584,135,249,2.6378,0.1409,2,3,7.0,28.0,3.8,0.4081,0,Glass Damage,Third Party,MUV,Tata,Dealer,Pune,1,0.4081,NO_MATCH,0,0.1279,0,0.1279,0.0498,0.3975,6,5,4,5,15,6,111,0.00105231,0.00089891,0.00258951,0.00195972,0.00023806,0.01284642,0.06666667,0.3,1,11,3,0,0,0.0,2
CLM00115,2026-05-03,229899,127,41,4.3985,0.0773,4,9,2.0,39.0,3.1,0.4438,1,Theft,Zero Dep,SUV,Mahindra,Garage,Delhi,1,0.4438,SIMILAR,1,0.1882,0,0.1882,0.0653,0.5033,6,5,3,3,22,5,110,0.0010987,0.0009108,0.00389565,0.00340563,0.00019569,0.02002791,0.06666667,0.4,1,14,4,0,1,0.333333,3
CLM00116,2026-07-02,99139,67,379,1.1671,0.2632,1,15,6.0,63.0,4.3,0.4356,0,Natural Disaster,Zero Dep,Sedan,Hyundai,Dealer,Mumbai,0,0.4356,NO_MATCH,0,0.4807,0,0.4807,0.2754,0.8396,6,4,3,4,34,3,123,0.00112303,0.00077479,0.00593772,0.00216251,0.00043834,0.03362692,0.06666667,0.16666667,1,25,1,0,0,0.0,0
CLM00117,2026-02-16,11832,203,241,0.1836,12.8584,3,3,2.0,53.0,4.3,0.4558,1,Theft,Zero Dep,Hatchback,Tata,Dealer,Surat,0,0.4558,SIMILAR,1,0.7259,1,0.7259,0.4612,0.8398,6,8,4,3,34,3,91,0.00113173,0.00156089,0.00593772,0.00127727,0.0017321,0.03362692,0.13333333,0.14285714,2,25,4,0,0,0.0,2
CLM00118,2026-04-02,206023,158,30,4.5971,0.2926,1,8,7.0,39.0,3.5,0.4315,0,Theft,Third Party,SUV,Hyundai,Garage,Pune,0,0.4315,NO_MATCH,0,0.1089,0,0.1089,0.0407,0.3679,6,6,5,2,27,2,111,0.00116491,0.00116126,0.00478573,0.00343702,0.00085877,0.01906371,0.06666667,0.2,1,14,3,0,1,0.5,2
CLM00119,2026-07-28,212418,41,366,3.8527,0.434,3,9,7.0,26.0,3.8,0.4856,1,Accident,Comprehensive,Sedan,Maruti,Dealer,Delhi,0,0.4856,POSSIBLE_DUPLICATE,1,0.3136,0,0.3136,0.1757,0.5064,6,9,8,6,15,3,110,0.001073,0.0016779,0.00258951,0.00177025,0.00320997,0.01284642,0.06666667,0.08333333,1,11,3,0,0,0.0,1
CLM00120,2026-03-02,160325,189,297,3.5624,0.2235,1,5,2.0,37.0,3.3,0.4448,1,Fire,Comprehensive,Sedan,Maruti,Garage,Surat,0,0.4448,SIMILAR,1,0.299,0,0.299,0.1492,0.5599,6,10,4,4,25,2,91,0.00110688,0.00178976,0.00402168,0.00170655,0.00280799,0.02103591,0.06666667,0.13333333,1,16,6,0,0,0.0,5
CLM00121,2026-08-03,217441,35,139,4.769,0.1535,5,8,6.0,29.0,3.2,0.4551,1,Natural Disaster,Comprehensive,Sedan,Hyundai,Hospital,Mumbai,0,0.4551,SIMILAR,1,0.2905,0,0.2905,0.0827,0.5287,6,6,3,4,26,3,123,0.00111886,0.00108376,0.00490412,0.00387007,0.00014474,0.01762278,0.06666667,0.33333333,1,9,5,0,1,0.25,4
CLM00122,2026-03-01,162722,190,21,10.6105,0.7461,3,2,1.0,25.0,3.5,0.4397,1,Glass Damage,Third Party,MUV,Tata,Surveyor,Pune,0,0.4397,SIMILAR,1,0.3673,0,0.3673,0.1949,0.7587,6,4,3,3,20,2,111,0.00115978,0.00076497,0.00344607,0.00327912,3.095e-05,0.01678725,0.06666667,0.5,1,14,3,0,1,0.5,2
CLM00123,2026-07-03,51520,66,231,1.8396,3.1253,4,10,2.0,61.0,4.0,0.4277,1,Fire,Zero Dep,SUV,Mahindra,Dealer,Mumbai,0,0.4277,SIMILAR,1,0.1278,0,0.1278,0.0545,0.4737,6,6,6,4,25,6,123,0.00106601,0.00107257,0.00441865,0.00228293,0.00043915,0.01796617,0.06666667,0.26666667,1,13,4,0,0,0.0,2
CLM00124,2026-08-05,142965,33,517,4.7666,0.1315,3,10,6.0,64.0,3.2,0.4472,1,Accident,Zero Dep,Sedan,Hyundai,Hospital,Delhi,0,0.4472,SIMILAR,1,0.5944,1,0.5944,0.251,0.8396,6,9,3,4,20,2,110,0.00113544,0.00160677,0.00353992,0.00232476,0.00132751,0.01600983,0.13333333,0.13888889,2,12,4,0,1,0.333333,2
CLM00125,2026-03-24,40769,167,103,2.011,3.2424,1,4,7.0,29.0,3.7,0.5186,1,Natural Disaster,Third Party,SUV,Honda,Dealer,Mumbai,0,0.5186,SIMILAR,1,0.2824,0,0.2824,0.1017,0.5172,6,6,8,2,21,4,123,0.0010984,0.00108376,0.00361305,0.00201761,0.00014474,0.02180532,0.13333333,0.33333333,1,13,5,0,1,0.25,3
CLM00126,2026-06-27,238203,72,482,5.3432,0.5788,1,8,3.0,34.0,4.8,0.5836,1,Fire,Third Party,SUV,Hyundai,Dealer,Ahmedabad,0,0.5836,SIMILAR,1,0.4392,0,0.4392,0.2243,0.8396,6,8,5,7,22,7,90,0.00105263,0.00137948,0.00397522,0.00306379,0.00061904,0.02019259,0.06666667,0.17857143,1,13,5,0,0,0.0,3
CLM00127,2026-06-26,82205,73,185,2.6633,1.1437,1,6,6.0,23.0,4.2,0.4403,1,Glass Damage,Third Party,Sedan,Tata,Garage,Mumbai,1,0.4403,SIMILAR,1,0.2955,0,0.2955,0.1118,0.6415,6,5,8,5,21,6,123,0.00108177,0.00101634,0.00398564,0.00336389,0.00303228,0.0212906,0.06666667,0.2,1,10,2,0,0,0.0,1
CLM00128,2026-08-24,217023,14,296,2.6739,0.7815,3,11,5.0,44.0,3.3,0.5178,1,Theft,Third Party,Sedan,Maruti,Surveyor,Surat,0,0.5178,POSSIBLE_DUPLICATE,1,0.2806,0,0.2806,0.1334,0.4841,6,7,5,6,22,3,91,0.00110617,0.0013006,0.00424323,0.00176715,0.00092681,0.03031276,0.06666667,0.14285714,2,11,3,1,0,0.0,1
CLM00129,2026-01-20,67389,230,308,0.8586,2.0203,1,1,6.0,33.0,3.7,0.3947,0,Fire,Zero Dep,Sedan,Hyundai,Dealer,Pune,0,0.3947,NO_MATCH,0,0.2255,0,0.2255,0.0814,0.3981,6,4,3,4,21,5,111,0.00111121,0.00083674,0.00361305,0.00367408,0.00144719,0.02180532,0.06666667,0.16666667,1,13,1,0,0,0.0,0
CLM00130,2026-03-09,59967,182,233,0.701,2.6351,2,4,8.0,28.0,4.0,0.4495,1,Accident,Third Party,Hatchback,Tata,Surveyor,Mumbai,0,0.4495,SIMILAR,1,0.4611,0,0.4611,0.1853,0.7742,6,9,3,2,22,2,123,0.00118148,0.00164446,0.0040191,0.00513389,0.00188059,0.01691593,0.06666667,0.11111111,1,12,4,0,1,0.333333,3
CLM00131,2026-04-23,197042,137,204,2.2146,0.2421,2,6,7.0,70.0,3.9,0.4884,1,Theft,Third Party,MUV,Tata,Dealer,Ahmedabad,0,0.4884,SIMILAR,1,0.1981,0,0.1981,0.0658,0.5028,6,4,6,4,27,4,90,0.00109022,0.00075684,0.0049563,0.00364216,3.185e-05,0.04573758,0.06666667,0.5,1,16,3,0,0,0.0,2
CLM00132,2026-01-26,222266,224,235,4.3854,0.1656,1,2,6.0,45.0,4.4,0.5685,1,Glass Damage,Third Party,MUV,Maruti,Dealer,Ahmedabad,0,0.5685,SIMILAR,1,0.1092,0,0.1092,0.0601,0.3162,6,7,5,4,24,3,90,0.00110346,0.00130467,0.0042378,0.00290231,0.00109231,0.0263219,0.06666667,0.14285714,2,14,3,1,0,0.0,1
CLM00133,2026-01-06,88549,244,13,4.7143,0.2095,1,1,4.0,64.0,3.9,0.354,1,Accident,Comprehensive,SUV,Mahindra,Dealer,Ahmedabad,0,0.354,SIMILAR,1,0.3381,0,0.3381,0.1217,0.7675,6,3,4,3,27,2,90,0.00116585,0.00061641,0.0049563,0.0038905,0.00059084,0.04573758,0.06666667,0.33333333,1,16,1,0,0,0.0,0
CLM00134,2026-01-20,148404,230,31,3.169,0.6335,1,2,6.0,55.0,3.3,0.4933,1,Accident,Zero Dep,Sedan,Tata,Garage,Pune,0,0.4933,SIMILAR,1,0.2671,0,0.2671,0.0645,0.4245,6,5,3,5,25,6,111,0.00107557,0.00094625,0.00402168,0.00125586,0.00072641,0.02103591,0.2,0.2,2,16,2,0,0,0.0,1
CLM00135,2026-02-12,164204,207,101,4.9922,1.0923,1,6,4.0,55.0,3.1,0.4534,0,Theft,Zero Dep,Hatchback,Tata,Garage,Pune,0,0.4534,NO_MATCH,0,0.1579,0,0.1579,0.0489,0.4446,6,6,8,4,22,3,111,0.00109586,0.00115339,0.00389565,0.00092246,0.00078754,0.02002791,0.13333333,0.2,2,14,3,0,0,0.0,1
CLM00136,2026-06-28,150257,71,226,5.3652,0.97,2,12,3.0,26.0,3.1,0.4357,1,Glass Damage,Zero Dep,Hatchback,Honda,Surveyor,Delhi,0,0.4357,POSSIBLE_DUPLICATE,1,0.3542,0,0.3542,0.166,0.5206,6,9,6,9,21,2,110,0.00108624,0.0016779,0.00368452,0.00090779,0.00320997,0.02344063,0.13333333,0.08333333,2,14,3,0,0,0.0,1
CLM00137,2026-01-13,107996,237,286,1.2704,1.63,1,1,6.0,24.0,4.6,0.4811,1,Natural Disaster,Comprehensive,SUV,Hyundai,Hospital,Mumbai,0,0.4811,SIMILAR,1,0.6318,1,0.6318,0.3631,0.8397,6,11,3,8,17,3,123,0.00111883,0.00216585,0.00308179,0.00316506,0.00490743,0.01695548,0.13333333,0.09090909,2,7,5,0,1,0.25,3
CLM00138,2026-03-17,220979,174,382,6.4,0.7777,2,7,7.0,49.0,3.1,0.4759,1,Glass Damage,Comprehensive,MUV,Tata,Garage,Delhi,0,0.4759,SIMILAR,1,0.3271,0,0.3271,0.2042,0.5285,6,9,3,4,22,2,110,0.00113147,0.00158368,0.00389565,0.00380515,0.00328969,0.02002791,0.06666667,0.11111111,1,14,4,0,1,0.333333,3
CLM00139,2026-06-13,81496,86,416,1.0361,1.3807,1,11,4.0,68.0,3.1,0.4066,0,Natural Disaster,Third Party,Sedan,Mahindra,Surveyor,Delhi,0,0.4066,NO_MATCH,0,0.1915,0,0.1915,0.0626,0.5645,6,5,5,4,21,4,110,0.00108287,0.00092228,0.00368452,0.00257955,5.095e-05,0.02344063,0.13333333,0.4,2,14,4,0,2,0.666667,3
CLM00140,2026-03-09,28890,182,88,1.425,1.3496,2,6,6.0,57.0,3.5,0.5186,1,Natural Disaster,Third Party,MUV,Honda,Garage,Mumbai,0,0.5186,SIMILAR,1,0.1943,0,0.1943,0.0445,0.5682,6,8,8,6,27,4,123,0.00107334,0.00158832,0.00478573,0.00236265,0.00180141,0.01906371,0.06666667,0.14285714,1,14,4,0,0,0.0,3
CLM00141,2026-01-12,74021,238,100,2.8979,1.3433,1,1,6.0,21.0,3.3,0.4301,1,Fire,Third Party,Sedan,Honda,Garage,Mumbai,0,0.4301,SIMILAR,1,0.5222,0,0.5222,0.1864,0.7566,6,10,4,3,25,2,123,0.00111359,0.00170921,0.00402168,0.00443519,0.00096237,0.02103591,0.06666667,0.15555556,1,16,7,0,1,0.166667,5
CLM00142,2026-06-28,179972,71,482,4.5833,0.7049,2,9,8.0,66.0,4.0,0.545,1,Glass Damage,Zero Dep,SUV,Maruti,Dealer,Surat,1,0.545,POSSIBLE_DUPLICATE,1,0.3249,0,0.3249,0.0858,0.7492,6,3,6,3,25,3,91,0.00113805,0.00062399,0.00441865,0.00130598,4.79e-05,0.01796617,0.13333333,0.66666667,2,13,2,0,0,0.0,1
CLM00143,2026-05-14,114741,116,48,2.2406,0.8643,3,10,8.0,38.0,4.3,0.4538,1,Natural Disaster,Zero Dep,SUV,Maruti,Dealer,Pune,0,0.4538,SIMILAR,1,0.358,0,0.358,0.2685,0.6767,6,7,4,3,34,2,111,0.00115196,0.0013003,0.00593772,0.00374299,0.00264921,0.03362692,0.06666667,0.14285714,1,25,3,0,1,0.5,2
CLM00144,2026-07-02,14103,67,302,0.3601,2.6648,4,14,2.0,69.0,4.3,0.4705,1,Glass Damage,Third Party,Sedan,Maruti,Dealer,Pune,0,0.4705,SIMILAR,1,0.4534,0,0.4534,0.2752,0.8395,6,7,7,5,34,5,111,0.00104238,0.00124141,0.00593772,0.00125294,0.0006108,0.03362692,0.13333333,0.23809524,1,25,4,0,0,0.0,3
CLM00145,2026-07-26,299077,43,290,4.1295,0.4359,1,13,3.0,35.0,3.3,0.4124,1,Natural Disaster,Third Party,SUV,Hyundai,Garage,Mumbai,1,0.4124,SIMILAR,1,0.4255,0,0.4255,0.2371,0.8395,6,4,4,7,25,3,123,0.00113867,0.00097525,0.00402168,0.00236554,0.00133302,0.02103591,0.06666667,0.16666667,1,16,1,0,0,0.0,0
CLM00146,2026-08-23,224164,15,535,7.4739,0.6633,3,13,7.0,48.0,3.7,0.5672,1,Glass Damage,Zero Dep,SUV,Hyundai,Dealer,Delhi,1,0.5672,SIMILAR,1,0.1896,0,0.1896,0.1514,0.5427,6,7,3,4,21,2,110,0.00113432,0.00129222,0.00361305,0.00156934,0.00086144,0.02180532,0.06666667,0.19047619,1,13,4,0,0,0.0,2
CLM00147,2026-06-29,168330,70,243,3.2313,0.0969,2,7,3.0,60.0,3.3,0.3872,1,Natural Disaster,Zero Dep,SUV,Honda,Surveyor,Ahmedabad,0,0.3872,SIMILAR,1,0.1551,0,0.1551,0.0378,0.4879,6,7,6,5,16,2,90,0.00112362,0.00134485,0.00294923,0.002428,0.00117364,0.01383975,0.06666667,0.14285714,1,9,3,0,0,0.0,2
CLM00148,2026-05-30,203804,100,29,4.1947,0.6412,3,6,5.0,48.0,3.2,0.4565,1,Accident,Third Party,Sedan,Maruti,Hospital,Surat,0,0.4565,SIMILAR,1,0.5197,0,0.5197,0.4668,0.8397,6,9,8,3,26,4,91,0.00111258,0.00169298,0.00490412,0.0013037,0.00218606,0.01762278,0.13333333,0.11111111,2,9,4,0,0,0.0,3
CLM00149,2026-08-13,112712,25,390,1.6577,1.5345,2,14,5.0,37.0,4.4,0.462,1,Natural Disaster,Zero Dep,MUV,Maruti,Dealer,Pune,0,0.462,SIMILAR,1,0.0514,0,0.0514,0.0225,0.0942,6,7,4,5,24,4,111,0.00108569,0.00133045,0.0042378,0.00260114,0.00148898,0.0263219,0.06666667,0.14285714,1,14,3,0,0,0.0,1
CLM00150,2026-06-08,164555,91,167,5.3313,0.6955,1,12,2.0,35.0,4.3,0.5,1,Natural Disaster,Third Party,MUV,Honda,Dealer,Delhi,0,0.5,POSSIBLE_DUPLICATE,1,0.3851,0,0.3851,0.1937,0.7082,6,5,8,5,34,3,110,0.00107456,0.00094147,0.00593772,0.00296005,0.00203686,0.03362692,0.06666667,0.2,1,25,2,0,0,0.0,1
CLM00151,2026-05-02,246391,128,169,8.7978,0.5525,1,7,7.0,34.0,3.9,0.4258,1,Fire,Zero Dep,SUV,Hyundai,Dealer,Delhi,0,0.4258,SIMILAR,1,0.3747,0,0.3747,0.1336,0.4688,6,5,6,3,27,5,110,0.00109058,0.00093159,0.0049563,0.00452586,0.00024359,0.04573758,0.06666667,0.3,1,16,3,0,0,0.0,2
CLM00152,2026-05-06,229981,124,361,7.6781,0.4671,2,4,4.0,55.0,3.8,0.4081,0,Accident,Third Party,Hatchback,Honda,Dealer,Pune,0,0.4081,NO_MATCH,0,0.2659,0,0.2659,0.1281,0.3243,6,5,4,6,15,4,111,0.00107446,0.00094625,0.00258951,0.00462856,0.00072641,0.01284642,0.06666667,0.2,1,11,2,0,0,0.0,1
CLM00153,2026-03-24,75626,167,202,1.931,0.5472,2,5,5.0,43.0,3.2,0.4545,1,Glass Damage,Third Party,Hatchback,Mahindra,Hospital,Pune,0,0.4545,SIMILAR,1,0.1437,0,0.1437,0.0706,0.3269,6,8,7,2,20,3,111,0.00112522,0.0015595,0.00353992,0.0025201,0.00805818,0.01600983,0.06666667,0.14285714,1,12,4,0,0,0.0,1
CLM00154,2026-05-05,204096,125,263,4.8967,0.303,1,10,7.0,30.0,3.1,0.4448,1,Fire,Comprehensive,SUV,Maruti,Garage,Ahmedabad,0,0.4448,SIMILAR,1,0.3185,0,0.3185,0.1004,0.7194,6,4,6,4,22,3,90,0.00113042,0.00090384,0.00389565,0.0021349,0.00101172,0.02002791,0.06666667,0.33333333,1,14,2,0,0,0.0,1
CLM00155,2026-05-10,110744,120,75,3.7968,1.4826,3,5,3.0,33.0,4.2,0.4278,1,Glass Damage,Third Party,Sedan,Tata,Garage,Ahmedabad,1,0.4278,SIMILAR,1,0.1447,0,0.1447,0.0654,0.4838,6,4,4,3,21,3,90,0.00113103,0.00077156,0.00398564,0.00199703,6.572e-05,0.0212906,0.06666667,0.5,1,10,3,0,1,0.5,2
CLM00156,2026-01-09,172195,241,0,4.9126,0.4491,1,2,2.0,25.0,3.9,0.5266,1,Fire,Third Party,SUV,Mahindra,Dealer,Pune,1,0.5266,SIMILAR,1,0.2029,0,0.2029,0.0737,0.4848,6,4,4,4,27,2,111,0.00113358,0.00076497,0.0049563,0.00254865,3.095e-05,0.04573758,0.06666667,0.5,1,16,3,0,0,0.0,2
CLM00157,2026-08-25,37472,13,486,0.4964,0.2613,4,23,4.0,48.0,4.3,0.4548,1,Theft,Comprehensive,SUV,Maruti,Dealer,Delhi,0,0.4548,SIMILAR,1,0.3528,0,0.3528,0.2297,0.6921,6,7,3,5,34,2,110,0.0011234,0.00129222,0.00593772,0.00396215,0.00086144,0.03362692,0.06666667,0.19047619,1,25,4,0,1,0.333333,2
CLM00158,2026-05-22,96687,108,225,1.335,1.3517,1,11,2.0,24.0,3.5,0.5082,1,Fire,Third Party,SUV,Mahindra,Garage,Pune,0,0.5082,POSSIBLE_DUPLICATE,1,0.1405,0,0.1405,0.0807,0.5575,6,4,4,6,27,4,111,0.00108745,0.00076538,0.00478573,0.00201116,0.00073807,0.01906371,0.06666667,0.33333333,1,14,2,0,1,1.0,1
CLM00159,2026-08-07,155014,31,515,1.832,0.5802,2,13,1.0,44.0,3.9,0.4444,1,Theft,Third Party,Sedan,Tata,Dealer,Pune,0,0.4444,SIMILAR,1,0.3685,0,0.3685,0.1716,0.5908,6,7,2,3,27,3,111,0.00117815,0.00133265,0.0049563,0.00310342,0.00587197,0.04573758,0.06666667,0.14285714,1,16,3,0,0,0.0,2
CLM00160,2026-04-15,139553,145,288,2.3412,1.1334,3,2,3.0,39.0,3.8,0.5498,1,Accident,Third Party,Hatchback,Honda,Dealer,Delhi,1,0.5498,POSSIBLE_DUPLICATE,1,0.0,0,0.0,0.0,0.0,6,5,5,9,15,2,110,0.00108324,0.0009108,0.00258951,0.00107147,0.00019569,0.01284642,0.06666667,0.4,1,11,4,0,1,0.333333,3
CLM00161,2026-01-03,63659,247,326,0.7428,1.6677,1,1,3.0,53.0,3.3,0.3806,1,Fire,Comprehensive,SUV,Hyundai,Surveyor,Surat,0,0.3806,SIMILAR,1,0.2087,0,0.2087,0.1062,0.4993,6,8,4,7,22,4,91,0.00110682,0.00156089,0.00424323,0.0034984,0.0017321,0.03031276,0.06666667,0.14285714,1,11,4,0,0,0.0,2
CLM00162,2026-02-25,127342,194,265,2.5125,0.8929,1,3,6.0,64.0,4.0,0.5685,1,Glass Damage,Third Party,MUV,Maruti,Surveyor,Mumbai,0,0.5685,SIMILAR,1,0.1643,0,0.1643,0.0468,0.428,6,5,5,4,22,4,123,0.0010997,0.00096633,0.0040191,0.00165194,0.00074483,0.01691593,0.06666667,0.2,1,12,2,0,0,0.0,1
CLM00163,2026-09-05,226061,2,528,7.125,0.1725,2,10,2.0,50.0,3.4,0.5083,1,Glass Damage,Third Party,Sedan,Tata,Surveyor,Ahmedabad,0,0.5083,SIMILAR,1,0.4537,0,0.4537,0.1496,0.7649,6,7,4,8,26,4,90,0.00108029,0.00127851,0.00486327,0.00110133,0.00203615,0.03336735,0.13333333,0.0952381,2,11,2,0,1,1.0,1
CLM00164,2026-03-12,172928,179,162,1.9436,0.2124,2,4,5.0,40.0,3.5,0.5183,1,Fire,Third Party,MUV,Mahindra,Surveyor,Pune,0,0.5183,SIMILAR,1,0.0249,0,0.0249,0.0232,0.2793,6,5,6,3,20,3,111,0.00109023,0.00093702,0.00344607,0.00140302,0.00031154,0.01678725,0.06666667,0.3,1,14,3,0,0,0.0,1
CLM00165,2026-07-15,67993,54,315,1.7361,0.6477,3,11,3.0,34.0,4.0,0.4747,1,Glass Damage,Third Party,SUV,Honda,Dealer,Ahmedabad,0,0.4747,SIMILAR,1,0.1925,0,0.1925,0.1065,0.4871,6,8,7,3,25,3,90,0.0010816,0.00137948,0.00441865,0.00316845,0.00061904,0.01796617,0.06666667,0.17857143,1,13,5,0,0,0.0,3
CLM00166,2026-06-17,135383,82,472,3.0368,0.9859,5,8,8.0,24.0,4.6,0.4861,1,Fire,Third Party,SUV,Hyundai,Hospital,Mumbai,0,0.4861,SIMILAR,1,0.6387,1,0.6387,0.4155,0.8398,6,11,5,6,21,2,123,0.00112389,0.00216585,0.00386897,0.00231209,0.00490743,0.01812876,0.13333333,0.09090909,1,11,5,0,1,0.25,2
CLM00167,2026-05-27,218913,103,383,4.8642,0.75,2,5,1.0,36.0,3.2,0.4651,1,Theft,Comprehensive,MUV,Tata,Hospital,Surat,0,0.4651,SIMILAR,1,0.2976,0,0.2976,0.1242,0.7551,6,4,4,3,26,3,91,0.00114789,0.00078061,0.00490412,0.00116442,4.914e-05,0.01762278,0.13333333,0.5,2,9,3,0,1,0.5,2
CLM00168,2026-02-13,225368,206,273,5.5065,0.3234,2,1,4.0,53.0,4.2,0.5199,1,Glass Damage,Zero Dep,SUV,Maruti,Garage,Surat,0,0.5199,SIMILAR,1,0.2474,0,0.2474,0.0811,0.392,6,8,7,5,21,3,91,0.00109872,0.00156089,0.00398564,0.002793,0.0017321,0.0212906,0.06666667,0.14285714,1,10,4,0,0,0.0,3
CLM00169,2026-03-08,195103,183,319,2.4805,0.317,1,3,6.0,52.0,4.0,0.531,1,Theft,Third Party,MUV,Honda,Dealer,Mumbai,0,0.531,POSSIBLE_DUPLICATE,1,0.2035,0,0.2035,0.0599,0.4804,6,4,5,6,25,3,123,0.0010961,0.00078904,0.00441865,0.0036954,0.00035028,0.01796617,0.06666667,0.33333333,1,13,2,0,0,0.0,1
CLM00170,2026-07-10,233440,59,356,2.7289,0.3046,2,9,4.0,34.0,4.1,0.612,1,Fire,Third Party,Hatchback,Tata,Hospital,Ahmedabad,0,0.612,SIMILAR,1,0.3117,0,0.3117,0.1187,0.6494,6,8,3,4,19,5,90,0.00108948,0.00137948,0.00339865,0.00194695,0.00061904,0.01025027,0.06666667,0.17857143,1,10,5,0,0,0.0,4
CLM00171,2026-01-14,232119,236,0,4.4409,0.3593,1,1,3.0,48.0,4.3,0.3939,0,Glass Damage,Zero Dep,SUV,Maruti,Garage,Pune,0,0.3939,NO_MATCH,0,0.1687,0,0.1687,0.0568,0.4494,6,8,3,4,21,4,111,0.00109499,0.00154305,0.00347891,0.00306269,0.00387549,0.01346489,0.06666667,0.14285714,1,16,4,0,0,0.0,2
CLM00172,2026-04-08,143893,152,6,4.1051,0.7252,2,7,3.0,69.0,4.3,0.4265,1,Accident,Third Party,Sedan,Honda,Garage,Pune,0,0.4265,POSSIBLE_DUPLICATE,1,0.1641,0,0.1641,0.0717,0.5928,6,7,4,3,21,3,111,0.00111238,0.00124141,0.00347891,0.00132504,0.0006108,0.01346489,0.06666667,0.23809524,1,16,4,0,0,0.0,3
CLM00173,2026-08-17,242665,21,180,3.0963,0.043,4,14,3.0,43.0,3.1,0.439,0,Theft,Zero Dep,SUV,Tata,Garage,Pune,0,0.439,NO_MATCH,0,0.2744,0,0.2744,0.0819,0.5225,6,8,3,4,22,2,111,0.00115243,0.0015595,0.00389565,0.00111443,0.00805818,0.02002791,0.13333333,0.14285714,2,14,4,0,0,0.0,1
CLM00174,2026-06-11,51353,88,307,2.1363,0.2407,3,12,2.0,53.0,3.5,0.4015,0,Accident,Third Party,Sedan,Maruti,Garage,Ahmedabad,0,0.4015,NO_MATCH,0,0.0764,0,0.0764,0.0435,0.3942,6,6,3,5,27,3,90,0.00110556,0.00109343,0.00478573,0.00156893,0.00046373,0.01906371,0.13333333,0.2,2,14,3,1,1,0.5,0
CLM00175,2026-02-13,156068,206,107,2.9959,0.1273,1,2,5.0,48.0,3.2,0.4063,0,Natural Disaster,Zero Dep,Sedan,Mahindra,Hospital,Pune,0,0.4063,NO_MATCH,0,0.0449,0,0.0449,0.0038,0.246,6,7,6,3,20,5,111,0.00107287,0.00126303,0.00353992,0.00329717,0.00111033,0.01600983,0.06666667,0.14285714,1,12,3,0,0,0.0,2
CLM00176,2026-09-05,130147,2,167,1.8817,0.4487,1,24,7.0,50.0,4.3,0.3996,0,Accident,Third Party,MUV,Hyundai,Dealer,Ahmedabad,0,0.3996,NO_MATCH,0,0.6674,1,0.6674,0.3788,0.8396,6,6,3,6,34,2,90,0.00117097,0.00140875,0.00593772,0.00476819,0.00395397,0.03362692,0.06666667,0.06666667,1,25,1,0,0,0.0,0
CLM00177,2026-08-02,144207,36,431,1.8867,0.8106,1,11,3.0,60.0,3.7,0.4162,1,Accident,Comprehensive,Hatchback,Tata,Dealer,Pune,0,0.4162,SIMILAR,1,0.2024,0,0.2024,0.0687,0.5112,6,2,4,6,21,2,111,0.00114646,0.00045132,0.00361305,0.00236203,0.0,0.02180532,0.06666667,1.0,1,13,1,0,0,0.0,0
CLM00178,2026-04-09,136946,151,111,2.5754,1.2538,2,6,4.0,69.0,4.0,0.4451,1,Theft,Third Party,Hatchback,Honda,Dealer,Mumbai,0,0.4451,SIMILAR,1,0.1396,0,0.1396,0.0388,0.491,6,8,3,6,25,4,123,0.00108597,0.00148982,0.00441865,0.00250734,0.00684966,0.01796617,0.06666667,0.14285714,1,13,4,0,0,0.0,3
CLM00179,2026-07-06,141390,63,167,2.7536,1.1198,1,7,6.0,48.0,4.2,0.5373,1,Fire,Zero Dep,SUV,Hyundai,Garage,Delhi,0,0.5373,POSSIBLE_DUPLICATE,1,0.0498,0,0.0498,0.0365,0.1354,6,7,4,8,21,2,110,0.00110649,0.00129222,0.00398564,0.00133867,0.00086144,0.0212906,0.13333333,0.19047619,2,10,4,0,1,0.333333,3
CLM00180,2026-07-12,54394,57,70,2.2671,0.3946,3,13,3.0,46.0,3.5,0.385,0,Natural Disaster,Comprehensive,SUV,Tata,Garage,Delhi,1,0.385,NO_MATCH,0,0.0716,0,0.0716,0.0173,0.3417,6,5,3,4,27,3,110,0.00111161,0.00092127,0.00478573,0.00224627,0.00025782,0.01906371,0.13333333,0.3,2,14,3,0,0,0.0,1
CLM00181,2026-01-06,159584,244,189,2.6772,0.5891,2,1,5.0,61.0,3.1,0.4933,1,Accident,Third Party,Hatchback,Hyundai,Surveyor,Pune,0,0.4933,SIMILAR,1,0.068,0,0.068,0.0343,0.3049,6,6,5,3,21,6,111,0.00107561,0.00111081,0.00368452,0.00200645,0.00049859,0.02344063,0.06666667,0.26666667,1,14,4,0,0,0.0,2
CLM00182,2026-07-17,145177,52,137,1.9766,0.7784,2,8,6.0,23.0,4.6,0.4403,1,Glass Damage,Zero Dep,Sedan,Tata,Garage,Ahmedabad,0,0.4403,SIMILAR,1,0.434,0,0.434,0.1745,0.7526,6,7,3,5,24,2,90,0.00114733,0.00126065,0.00463026,0.00277109,0.00188893,0.03104914,0.06666667,0.14285714,2,9,3,1,0,0.0,1
CLM00183,2026-01-30,114255,220,121,1.2841,1.1671,2,3,5.0,24.0,3.9,0.4811,1,Accident,Third Party,Hatchback,Hyundai,Dealer,Mumbai,0,0.4811,SIMILAR,1,0.5582,0,0.5582,0.2671,0.703,6,11,6,3,27,2,123,0.00113991,0.00216585,0.0049563,0.00332688,0.00490743,0.04573758,0.06666667,0.09090909,1,16,5,0,1,0.25,2
CLM00184,2026-06-11,7439,88,338,0.2479,8.7973,3,5,3.0,69.0,4.8,0.4293,1,Accident,Zero Dep,Hatchback,Honda,Dealer,Pune,0,0.4293,SIMILAR,1,0.4113,0,0.4113,0.2601,0.8183,6,7,5,9,22,2,111,0.00109001,0.00124141,0.00397522,0.00343092,0.0006108,0.02019259,0.06666667,0.23809524,1,13,4,0,0,0.0,3
CLM00185,2026-07-04,147856,65,59,7.7545,0.7869,2,14,3.0,60.0,4.3,0.5448,1,Natural Disaster,Comprehensive,Hatchback,Hyundai,Garage,Delhi,1,0.5448,SIMILAR,1,0.1788,0,0.1788,0.0715,0.4499,6,6,6,3,21,4,110,0.00106415,0.00109627,0.00347891,0.0012664,0.00076964,0.01346489,0.13333333,0.2,1,16,3,0,1,0.5,1
CLM00186,2026-04-02,189401,158,43,2.4167,0.4954,1,3,2.0,43.0,3.4,0.4048,0,Theft,Zero Dep,MUV,Honda,Surveyor,Mumbai,0,0.4048,NO_MATCH,0,0.3575,0,0.3575,0.132,0.7565,6,6,3,5,26,3,123,0.00111698,0.00109706,0.00486327,0.00732055,0.00121073,0.03336735,0.06666667,0.13333333,1,11,2,0,0,0.0,1
CLM00187,2026-03-26,66474,165,373,0.847,2.0096,2,2,5.0,46.0,4.8,0.4162,1,Accident,Zero Dep,Sedan,Mahindra,Dealer,Mumbai,1,0.4162,SIMILAR,1,0.2901,0,0.2901,0.1032,0.616,6,6,3,3,22,4,123,0.00112915,0.00122046,0.00397522,0.0043843,0.00132482,0.02019259,0.06666667,0.2,1,13,3,0,0,0.0,2
CLM00188,2026-01-26,242182,224,14,5.5159,0.5802,1,2,7.0,50.0,4.6,0.3767,0,Theft,Zero Dep,SUV,Honda,Hospital,Surat,0,0.3767,NO_MATCH,0,0.4615,0,0.4615,0.1398,0.7964,6,7,3,4,21,4,91,0.00112258,0.00135525,0.00386897,0.00208942,0.00154352,0.01812876,0.06666667,0.14285714,1,11,3,0,0,0.0,2
CLM00189,2026-07-28,50797,41,445,1.2623,3.154,2,12,3.0,52.0,3.9,0.4157,1,Fire,Comprehensive,SUV,Maruti,Dealer,Mumbai,0,0.4157,SIMILAR,1,0.2743,0,0.2743,0.0942,0.5883,6,4,3,4,27,4,123,0.00113288,0.00078904,0.0049563,0.00465441,0.00035028,0.04573758,0.06666667,0.33333333,1,16,2,0,0,0.0,1
CLM00190,2026-01-25,228149,225,0,8.72,0.1284,1,1,7.0,22.0,4.6,0.4808,1,Accident,Third Party,MUV,Hyundai,Hospital,Mumbai,0,0.4808,SIMILAR,1,0.5392,0,0.5392,0.2757,0.8194,6,7,4,6,21,4,123,0.00107869,0.0012312,0.00386897,0.00316208,0.00013471,0.01812876,0.06666667,0.28571429,1,11,6,0,3,0.6,3
CLM00191,2026-08-17,119744,21,103,6.2802,0.1792,3,12,6.0,60.0,3.7,0.4783,1,Fire,Comprehensive,Hatchback,Honda,Dealer,Ahmedabad,0,0.4783,SIMILAR,1,0.1623,0,0.1623,0.0537,0.382,6,7,6,4,21,3,90,0.00109008,0.00134485,0.00361305,0.00496581,0.00117364,0.02180532,0.06666667,0.14285714,1,13,3,0,0,0.0,1
CLM00192,2026-04-13,124678,147,429,1.8189,1.1547,3,9,5.0,21.0,4.3,0.5135,1,Natural Disaster,Comprehensive,Sedan,Maruti,Garage,Mumbai,0,0.5135,SIMILAR,1,0.4474,0,0.4474,0.1429,0.6652,6,10,4,6,21,2,123,0.00109705,0.00170921,0.00347891,0.00152193,0.00096237,0.01346489,0.13333333,0.15555556,2,16,7,0,1,0.166667,5
CLM00193,2026-06-28,195424,71,188,2.8957,0.0816,5,13,1.0,22.0,4.3,0.5318,1,Theft,Third Party,MUV,Honda,Garage,Mumbai,1,0.5318,POSSIBLE_DUPLICATE,1,0.3525,0,0.3525,0.1111,0.6462,6,7,2,3,21,4,123,0.00112373,0.0012312,0.00347891,0.00170554,0.00013471,0.01346489,0.13333333,0.28571429,2,16,6,0,2,0.4,3
CLM00194,2026-04-08,209253,152,156,6.3618,0.2802,2,8,1.0,48.0,3.3,0.4564,1,Accident,Zero Dep,MUV,Honda,Garage,Surat,0,0.4564,SIMILAR,1,0.5493,0,0.5493,0.4607,0.8395,6,9,8,3,25,3,91,0.00108819,0.00169298,0.00402168,0.00363576,0.00218606,0.02103591,0.06666667,0.11111111,1,16,4,0,0,0.0,2
CLM00195,2026-01-12,21603,238,341,0.3628,3.8772,1,1,2.0,52.0,3.1,0.3627,0,Fire,Third Party,MUV,Mahindra,Garage,Surat,0,0.3627,NO_MATCH,0,0.4735,0,0.4735,0.2635,0.8395,6,4,5,2,22,3,91,0.0011644,0.0008228,0.00389565,0.00362369,0.00078179,0.02002791,0.06666667,0.16666667,1,14,1,0,0,0.0,0
CLM00196,2026-05-13,142128,117,328,1.9547,0.2584,3,9,6.0,29.0,4.4,0.5209,1,Glass Damage,Comprehensive,SUV,Tata,Dealer,Mumbai,0,0.5209,SIMILAR,1,0.1951,0,0.1951,0.0758,0.2755,6,6,3,3,27,3,123,0.00112996,0.00108376,0.00481519,0.00522703,0.00014474,0.03207056,0.06666667,0.33333333,1,16,5,0,1,0.25,3
CLM00197,2026-06-23,173140,76,331,3.1403,0.2252,2,8,5.0,67.0,4.1,0.4677,1,Glass Damage,Comprehensive,MUV,Mahindra,Hospital,Ahmedabad,0,0.4677,SIMILAR,1,0.4109,0,0.4109,0.0817,0.5485,6,9,8,3,19,4,90,0.0010743,0.0015917,0.00339865,0.00197051,0.00162943,0.01025027,0.06666667,0.11111111,1,10,4,0,0,0.0,1
CLM00198,2026-05-07,232912,123,72,7.9852,0.1614,2,10,4.0,36.0,3.5,0.4434,1,Fire,Third Party,SUV,Maruti,Garage,Pune,1,0.4434,SIMILAR,1,0.1202,0,0.1202,0.0846,0.3082,6,4,4,5,27,5,111,0.00106724,0.00075086,0.00478573,0.00160088,5.078e-05,0.01906371,0.06666667,0.5,1,14,3,0,1,0.5,2
CLM00199,2026-05-21,173641,109,79,3.8745,0.4095,2,6,1.0,54.0,3.4,0.4193,0,Theft,Third Party,SUV,Honda,Surveyor,Delhi,0,0.4193,NO_MATCH,0,0.446,0,0.446,0.1794,0.8307,6,7,5,4,26,5,110,0.00108437,0.00127664,0.00486327,0.00367448,0.00270956,0.03336735,0.06666667,0.0952381,1,11,2,0,0,0.0,1
CLM00200,2026-05-08,122196,122,266,2.9318,0.9649,1,6,3.0,36.0,3.5,0.4448,1,Natural Disaster,Comprehensive,SUV,Hyundai,Surveyor,Mumbai,0,0.4448,SIMILAR,1,0.3106,0,0.3106,0.1542,0.5136,6,6,6,4,20,3,123,0.001141,0.00145108,0.00344607,0.00388363,0.00259756,0.01678725,0.06666667,0.06666667,1,14,1,0,0,0.0,0
CLM00201,2026-05-21,5044,109,279,0.13,3.4746,3,8,2.0,57.0,3.9,0.4265,1,Glass Damage,Third Party,MUV,Hyundai,Dealer,Pune,0,0.4265,SIMILAR,1,0.4387,0,0.4387,0.2241,0.6325,6,11,4,2,27,5,111,0.00110095,0.00185403,0.0049563,0.00293344,0.00395972,0.04573758,0.06666667,0.09090909,1,16,5,0,1,0.25,2
CLM00202,2026-04-27,94352,133,285,4.5537,1.481,1,5,3.0,46.0,4.6,0.5498,1,Accident,Third Party,Hatchback,Honda,Garage,Delhi,0,0.5498,POSSIBLE_DUPLICATE,1,0.0981,0,0.0981,0.0447,0.3414,6,5,7,9,24,3,110,0.00107701,0.00092127,0.00463026,0.00478675,0.00025782,0.03104914,0.06666667,0.3,1,9,3,0,1,0.5,2
CLM00203,2026-06-08,162273,91,212,4.5381,0.6889,2,9,7.0,44.0,4.4,0.4553,1,Fire,Comprehensive,Sedan,Honda,Dealer,Surat,0,0.4553,SIMILAR,1,0.3171,0,0.3171,0.0993,0.3448,6,7,4,4,24,4,91,0.00109555,0.0013006,0.0042378,0.0013666,0.00092681,0.0263219,0.06666667,0.14285714,1,14,3,0,0,0.0,2
CLM00204,2026-04-01,222549,159,343,2.8295,0.7235,1,3,4.0,63.0,3.3,0.4106,1,Fire,Third Party,Hatchback,Tata,Surveyor,Pune,0,0.4106,SIMILAR,1,0.3492,0,0.3492,0.1959,0.6505,6,4,5,4,16,6,111,0.00111771,0.00092693,0.00294923,0.0023883,0.00126673,0.01383975,0.06666667,0.16666667,1,9,1,0,0,0.0,0
CLM00205,2026-02-05,220440,214,127,2.4775,0.7684,1,4,4.0,58.0,3.3,0.4693,1,Natural Disaster,Third Party,SUV,Honda,Garage,Delhi,0,0.4693,SIMILAR,1,0.2074,0,0.2074,0.071,0.5748,6,8,6,5,25,3,110,0.00105518,0.00138458,0.00402168,0.00222476,0.00105367,0.02103591,0.06666667,0.17857143,1,16,5,0,0,0.0,4
CLM00206,2026-04-11,61515,149,375,1.2205,0.6109,1,8,3.0,70.0,4.3,0.4884,1,Theft,Zero Dep,SUV,Honda,Garage,Ahmedabad,0,0.4884,SIMILAR,1,0.1858,0,0.1858,0.0937,0.547,6,4,3,3,21,5,90,0.00108951,0.00075684,0.00347891,0.00195862,3.185e-05,0.01346489,0.06666667,0.5,1,16,3,0,0,0.0,2
CLM00207,2026-06-22,159353,77,484,2.7367,0.9458,5,7,4.0,57.0,4.6,0.5508,1,Natural Disaster,Comprehensive,SUV,Honda,Garage,Pune,1,0.5508,SIMILAR,1,0.4322,0,0.4322,0.2042,0.6661,6,11,2,5,24,2,111,0.00115744,0.00185403,0.00463026,0.00823719,0.00395972,0.03104914,0.06666667,0.09090909,1,9,5,0,0,0.0,3
CLM00208,2026-08-03,158385,35,126,3.9122,0.5123,3,13,1.0,45.0,4.4,0.4724,1,Glass Damage,Zero Dep,SUV,Honda,Dealer,Ahmedabad,0,0.4724,SIMILAR,1,0.2027,0,0.2027,0.0602,0.502,6,7,4,4,24,3,90,0.00110273,0.00130467,0.0042378,0.00301731,0.00109231,0.0263219,0.06666667,0.14285714,2,14,3,1,0,0.0,1
CLM00209,2026-06-18,162429,81,177,5.2624,0.3783,1,12,1.0,25.0,4.3,0.449,1,Fire,Third Party,SUV,Honda,Garage,Pune,0,0.449,SIMILAR,1,0.2855,0,0.2855,0.1305,0.6512,6,4,8,4,21,3,111,0.00108606,0.00080827,0.00347891,0.00137007,0.0005635,0.01346489,0.06666667,0.16666667,1,16,1,0,0,0.0,0
CLM00210,2026-09-06,82115,1,406,1.4893,1.9608,4,25,2.0,48.0,4.3,0.4745,1,Theft,Comprehensive,MUV,Honda,Dealer,Surat,0,0.4745,POSSIBLE_DUPLICATE,1,0.6296,1,0.6296,0.4431,0.8397,6,9,8,5,34,6,91,0.00105648,0.00169298,0.00593772,0.00188477,0.00218606,0.03362692,0.13333333,0.11111111,2,25,4,0,0,0.0,2
CLM00211,2026-08-09,87289,29,204,1.3436,0.2037,5,11,6.0,27.0,4.8,0.5703,1,Glass Damage,Zero Dep,SUV,Hyundai,Dealer,Mumbai,0,0.5703,SIMILAR,1,0.4636,0,0.4636,0.1288,0.7571,6,10,3,8,22,5,123,0.00106514,0.00172342,0.00397522,0.00271796,0.00136647,0.02019259,0.06666667,0.15555556,2,13,6,1,1,0.2,2
CLM00212,2026-08-24,181258,14,164,3.5155,0.9542,3,15,5.0,68.0,4.4,0.5376,1,Theft,Comprehensive,Hatchback,Hyundai,Dealer,Delhi,1,0.5376,SIMILAR,1,0.1194,0,0.1194,0.056,0.3286,6,5,3,3,27,4,110,0.00112326,0.00092228,0.00481519,0.00347258,5.095e-05,0.03207056,0.06666667,0.4,2,16,4,1,1,0.333333,2
CLM00213,2026-05-30,154589,100,71,7.1602,1.1641,4,8,2.0,29.0,4.4,0.5075,1,Natural Disaster,Comprehensive,Sedan,Maruti,Dealer,Mumbai,0,0.5075,SIMILAR,1,0.2861,0,0.2861,0.0918,0.4776,6,6,3,4,24,2,123,0.00113744,0.00108376,0.0042378,0.00450478,0.00014474,0.0263219,0.06666667,0.33333333,1,14,5,0,1,0.25,3
CLM00214,2026-01-07,104842,243,0,1.4051,0.9205,1,1,3.0,47.0,3.4,0.4371,1,Theft,Comprehensive,Hatchback,Tata,Surveyor,Surat,1,0.4371,SIMILAR,1,0.217,0,0.217,0.0671,0.6151,6,6,3,6,26,6,91,0.00109588,0.00108941,0.00486327,0.00443745,0.00071532,0.03336735,0.06666667,0.2,1,11,3,0,0,0.0,2
CLM00215,2026-02-07,225038,212,389,3.5057,0.5053,1,1,5.0,38.0,4.4,0.5363,1,Theft,Third Party,MUV,Maruti,Dealer,Pune,1,0.5363,SIMILAR,1,0.0778,0,0.0778,0.0606,0.2065,6,7,3,5,27,4,111,0.00109161,0.0013003,0.00481519,0.00423755,0.00264921,0.03207056,0.06666667,0.14285714,1,16,3,0,0,0.0,2
CLM00216,2026-07-09,152294,60,197,8.1081,0.5878,3,9,7.0,28.0,3.3,0.4025,1,Glass Damage,Comprehensive,Hatchback,Maruti,Surveyor,Pune,0,0.4025,SIMILAR,1,0.1696,0,0.1696,0.1,0.4582,6,5,4,4,22,4,111,0.00110116,0.00089891,0.00424323,0.00276647,0.00023806,0.03031276,0.06666667,0.3,1,11,3,0,1,0.5,2
CLM00217,2026-01-13,247872,237,181,11.9629,0.2012,1,1,5.0,45.0,4.8,0.4595,0,Natural Disaster,Third Party,MUV,Maruti,Dealer,Surat,0,0.4595,NO_MATCH,0,1.0,1,1.0,0.6374,1.0,6,10,7,5,22,2,91,0.00111283,0.0018902,0.00397522,0.00265426,0.00525279,0.02019259,0.06666667,0.04444444,1,13,2,0,0,0.0,1
CLM00218,2026-02-21,167676,198,191,3.1969,0.6782,1,4,3.0,46.0,4.6,0.4412,1,Natural Disaster,Zero Dep,Hatchback,Tata,Hospital,Mumbai,0,0.4412,SIMILAR,1,0.1902,0,0.1902,0.0658,0.5592,6,6,3,6,21,4,123,0.00111557,0.00122046,0.00386897,0.00222622,0.00132482,0.01812876,0.06666667,0.2,1,11,3,0,1,0.5,2
CLM00219,2026-09-04,55724,3,527,0.6219,2.5215,4,12,8.0,53.0,3.2,0.4195,0,Theft,Third Party,SUV,Maruti,Hospital,Surat,0,0.4195,NO_MATCH,0,0.4608,0,0.4608,0.2246,0.7435,6,8,4,3,20,4,91,0.00111571,0.00156089,0.00353992,0.00166157,0.0017321,0.01600983,0.06666667,0.14285714,1,12,4,0,0,0.0,2
CLM00220,2026-04-20,78167,140,118,2.5325,1.6646,4,4,5.0,62.0,4.3,0.5052,1,Theft,Third Party,Sedan,Tata,Dealer,Surat,0,0.5052,SIMILAR,1,0.5094,0,0.5094,0.3006,0.7057,6,7,8,4,34,2,91,0.00110026,0.00123894,0.00593772,0.00213948,0.00021967,0.03362692,0.13333333,0.28571429,3,25,6,1,1,0.2,3
CLM00221,2026-07-01,45581,68,370,0.5231,1.0179,1,9,2.0,50.0,3.7,0.5083,1,Glass Damage,Zero Dep,Sedan,Tata,Dealer,Ahmedabad,1,0.5083,SIMILAR,1,0.2337,0,0.2337,0.1198,0.3796,6,7,5,8,21,3,90,0.00107111,0.00127851,0.00361305,0.0051471,0.00203615,0.02180532,0.06666667,0.0952381,1,13,2,0,0,0.0,1
CLM00222,2026-04-02,24105,158,327,0.8048,0.7375,2,2,2.0,35.0,3.2,0.446,1,Fire,Third Party,MUV,Tata,Hospital,Mumbai,0,0.446,SIMILAR,1,0.4861,0,0.4861,0.2767,0.8397,6,10,4,2,26,5,123,0.0011417,0.0017409,0.00490412,0.00432739,0.00218976,0.01762278,0.06666667,0.13333333,2,9,6,1,0,0.0,3
CLM00223,2026-04-17,147365,143,0,1.823,0.6594,3,4,3.0,62.0,3.4,0.4896,1,Accident,Comprehensive,Sedan,Honda,Surveyor,Surat,0,0.4896,SIMILAR,1,0.3546,0,0.3546,0.1855,0.8082,6,7,3,3,26,3,91,0.00113346,0.00123894,0.00486327,0.00509544,0.00021967,0.03336735,0.06666667,0.28571429,1,11,6,0,1,0.2,4
CLM00224,2026-03-17,62264,174,210,0.6942,0.8464,1,3,7.0,69.0,3.7,0.4451,1,Glass Damage,Third Party,Sedan,Honda,Dealer,Mumbai,0,0.4451,SIMILAR,1,0.2259,0,0.2259,0.0474,0.634,6,8,4,4,21,5,123,0.00107402,0.00148982,0.00361305,0.00199379,0.00684966,0.02180532,0.06666667,0.14285714,1,13,4,0,0,0.0,3
CLM00225,2026-04-25,68005,135,123,1.0092,2.5433,2,8,4.0,60.0,4.4,0.4409,0,Glass Damage,Third Party,MUV,Maruti,Dealer,Mumbai,0,0.4409,NO_MATCH,0,0.192,0,0.192,0.0621,0.4965,6,6,5,4,27,4,123,0.00109862,0.00120838,0.00481519,0.00204417,0.00131441,0.03207056,0.06666667,0.2,1,16,3,0,0,0.0,0
CLM00226,2026-03-07,146619,184,163,2.0077,0.3253,1,5,8.0,66.0,4.3,0.4413,0,Accident,Third Party,Sedan,Hyundai,Garage,Delhi,0,0.4413,NO_MATCH,0,0.226,0,0.226,0.0853,0.5386,6,4,3,6,21,4,110,0.00108236,0.00075989,0.00347891,0.00208145,0.00025968,0.01346489,0.06666667,0.33333333,1,16,2,0,1,1.0,0
CLM00227,2026-03-17,240479,174,244,11.6061,0.4088,1,7,3.0,33.0,3.5,0.5041,1,Fire,Third Party,SUV,Hyundai,Garage,Ahmedabad,0,0.5041,SIMILAR,1,0.2956,0,0.2956,0.2118,0.6203,6,4,7,4,27,2,90,0.00111831,0.00077156,0.00478573,0.00397989,6.572e-05,0.01906371,0.06666667,0.5,1,14,3,0,2,1.0,1
CLM00228,2026-02-23,180724,196,0,7.2403,0.4854,1,1,2.0,26.0,4.6,0.4296,1,Theft,Comprehensive,Sedan,Tata,Garage,Delhi,0,0.4296,SIMILAR,1,0.6273,1,0.6273,0.2571,0.8396,6,9,4,8,24,3,110,0.00109553,0.0016779,0.00463026,0.00339587,0.00320997,0.03104914,0.06666667,0.08333333,1,9,3,0,0,0.0,2
CLM00229,2026-06-29,235329,70,460,7.4171,0.0379,1,10,3.0,57.0,4.4,0.4357,1,Natural Disaster,Third Party,Hatchback,Honda,Dealer,Pune,0,0.4357,POSSIBLE_DUPLICATE,1,0.643,1,0.643,0.2673,0.8397,6,6,4,9,24,3,111,0.00108085,0.00113689,0.0042378,0.00215464,0.00259942,0.0263219,0.06666667,0.06666667,1,14,1,0,0,0.0,0
CLM00230,2026-03-26,186036,165,261,6.1987,0.5528,1,6,4.0,68.0,4.0,0.4576,1,Glass Damage,Zero Dep,Sedan,Mahindra,Surveyor,Ahmedabad,1,0.4576,POSSIBLE_DUPLICATE,1,0.306,0,0.306,0.099,0.4812,6,6,5,4,22,2,90,0.00113173,0.00113434,0.0040191,0.00398511,0.00212233,0.01691593,0.06666667,0.13333333,1,12,2,0,0,0.0,1
CLM00231,2026-04-26,170207,134,30,3.3236,0.361,3,8,7.0,37.0,3.1,0.4513,1,Fire,Zero Dep,SUV,Hyundai,Garage,Surat,0,0.4513,SIMILAR,1,0.3374,0,0.3374,0.1519,0.6841,6,10,4,4,22,3,91,0.00110463,0.00178976,0.00389565,0.00213344,0.00280799,0.02002791,0.06666667,0.13333333,1,14,6,0,0,0.0,5
CLM00232,2026-06-08,21577,91,329,0.2892,1.734,1,6,2.0,53.0,4.6,0.4291,1,Glass Damage,Comprehensive,Sedan,Tata,Garage,Pune,0,0.4291,SIMILAR,1,0.274,0,0.274,0.1397,0.828,6,7,2,8,24,3,111,0.00112938,0.00124541,0.00463026,0.00495812,0.00085746,0.03104914,0.06666667,0.23809524,1,9,5,0,1,0.25,4
CLM00233,2026-03-16,211278,175,408,3.1988,0.4568,2,2,3.0,58.0,3.4,0.5177,1,Glass Damage,Third Party,Hatchback,Mahindra,Surveyor,Delhi,0,0.5177,SIMILAR,1,0.1857,0,0.1857,0.1103,0.63,6,8,3,2,26,6,110,0.00114531,0.00138458,0.00486327,0.00674272,0.00105367,0.03336735,0.06666667,0.17857143,1,11,5,0,0,0.0,4
CLM00234,2026-06-19,13079,80,438,0.1628,11.38,1,13,8.0,44.0,4.3,0.4705,1,Glass Damage,Third Party,Sedan,Hyundai,Dealer,Pune,0,0.4705,SIMILAR,1,0.7286,1,0.7286,0.5051,0.8396,6,7,3,6,34,3,111,0.00110182,0.00133265,0.00593772,0.00357592,0.00587197,0.03362692,0.06666667,0.14285714,1,25,3,0,0,0.0,2
CLM00235,2026-03-18,182547,173,13,10.3023,0.627,1,2,5.0,43.0,4.6,0.4665,1,Fire,Zero Dep,SUV,Tata,Garage,Pune,0,0.4665,SIMILAR,1,0.4741,0,0.4741,0.2392,0.7112,6,8,2,2,24,3,111,0.0012342,0.0015595,0.00463026,0.00570729,0.00805818,0.03104914,0.06666667,0.14285714,1,9,4,0,0,0.0,2
CLM00236,2026-05-27,161409,103,409,4.6152,0.0923,3,9,3.0,46.0,3.9,0.4214,0,Glass Damage,Comprehensive,Hatchback,Tata,Dealer,Mumbai,0,0.4214,NO_MATCH,0,0.1877,0,0.1877,0.0561,0.3744,6,6,4,2,27,3,123,0.0011694,0.00122046,0.0049563,0.00559746,0.00132482,0.04573758,0.06666667,0.2,1,16,3,0,1,0.5,2
CLM00237,2026-08-20,174327,18,160,3.3811,0.3063,4,14,7.0,57.0,3.1,0.5364,1,Theft,Comprehensive,Hatchback,Mahindra,Surveyor,Mumbai,0,0.5364,SIMILAR,1,0.1644,0,0.1644,0.0482,0.4768,6,8,3,3,21,4,123,0.00115161,0.00158832,0.00368452,0.00190909,0.00180141,0.02344063,0.06666667,0.14285714,2,14,4,1,0,0.0,2
CLM00238,2026-02-16,180892,203,0,2.2926,0.1619,2,4,8.0,62.0,3.1,0.491,1,Accident,Comprehensive,MUV,Mahindra,Surveyor,Surat,0,0.491,SIMILAR,1,0.4212,0,0.4212,0.2367,0.8396,6,7,2,6,21,4,91,0.00110934,0.00123894,0.00368452,0.00274917,0.00021967,0.02344063,0.06666667,0.28571429,1,14,6,0,1,0.2,4
CLM00239,2026-03-06,30743,185,398,0.4655,3.0115,2,4,5.0,39.0,4.4,0.4908,1,Glass Damage,Third Party,Hatchback,Hyundai,Dealer,Delhi,0,0.4908,SIMILAR,1,0.1371,0,0.1371,0.0828,0.2415,6,5,3,3,27,4,110,0.0011096,0.0009108,0.00481519,0.00346619,0.00019569,0.03207056,0.06666667,0.4,1,16,4,0,2,0.666667,3
CLM00240,2026-03-02,31226,189,290,0.7629,5.7439,1,3,1.0,54.0,4.4,0.3968,0,Accident,Zero Dep,SUV,Honda,Dealer,Delhi,0,0.3968,NO_MATCH,0,0.5659,0,0.5659,0.2754,0.7597,6,7,7,4,27,3,110,0.00108249,0.00127664,0.00481519,0.00150385,0.00270956,0.03207056,0.06666667,0.0952381,1,16,2,0,0,0.0,1
CLM00241,2026-06-18,85130,81,498,1.4296,2.0608,3,8,3.0,25.0,3.7,0.5123,1,Theft,Third Party,MUV,Mahindra,Dealer,Delhi,0,0.5123,SIMILAR,1,0.1951,0,0.1951,0.0833,0.4236,6,9,5,4,21,3,110,0.00107927,0.00155271,0.00361305,0.00144717,0.00174495,0.02180532,0.06666667,0.13888889,1,13,5,0,3,0.75,3
CLM00242,2026-03-22,69533,169,30,2.6576,0.2141,2,7,7.0,58.0,3.3,0.5281,1,Natural Disaster,Third Party,MUV,Hyundai,Garage,Ahmedabad,0,0.5281,SIMILAR,1,0.2445,0,0.2445,0.0815,0.5902,6,5,4,6,25,3,90,0.00108399,0.0009595,0.00402168,0.00265851,0.00234182,0.02103591,0.06666667,0.3,2,16,3,1,0,0.0,1
CLM00243,2026-03-26,235132,165,391,6.8099,0.3998,1,6,5.0,66.0,4.4,0.4468,1,Natural Disaster,Comprehensive,Sedan,Mahindra,Dealer,Surat,0,0.4468,SIMILAR,1,0.3441,0,0.3441,0.1061,0.6805,6,3,3,2,27,6,91,0.00117371,0.00062399,0.00481519,0.00278963,4.79e-05,0.03207056,0.06666667,0.66666667,1,16,2,0,1,1.0,1
CLM00244,2026-02-14,174227,205,376,7.0509,0.5539,1,4,4.0,35.0,4.4,0.4542,1,Fire,Third Party,Hatchback,Tata,Dealer,Mumbai,0,0.4542,SIMILAR,1,0.3822,0,0.3822,0.1892,0.4513,6,10,2,2,24,6,123,0.00114488,0.0017409,0.0042378,0.00585446,0.00218976,0.0263219,0.06666667,0.13333333,1,14,6,0,0,0.0,2
CLM00245,2026-08-15,124883,23,351,2.1033,0.7528,2,11,8.0,39.0,3.8,0.4503,1,Glass Damage,Third Party,SUV,Maruti,Dealer,Pune,1,0.4503,SIMILAR,1,0.0783,0,0.0783,0.0412,0.2669,6,6,7,3,15,6,111,0.0010739,0.00116126,0.00258951,0.00176388,0.00085877,0.01284642,0.06666667,0.2,1,11,3,0,0,0.0,2
CLM00246,2026-03-08,147467,183,205,3.8019,0.7971,1,4,7.0,59.0,3.9,0.4629,1,Glass Damage,Third Party,SUV,Maruti,Dealer,Surat,0,0.4629,SIMILAR,1,0.3972,0,0.3972,0.1024,0.4559,6,9,4,4,27,4,91,0.00108479,0.00157895,0.0049563,0.00067391,0.00170683,0.04573758,0.13333333,0.11111111,2,16,4,0,0,0.0,1
CLM00247,2026-08-17,207413,21,108,4.269,0.3428,5,21,3.0,34.0,4.3,0.612,1,Fire,Third Party,SUV,Tata,Dealer,Ahmedabad,0,0.612,SIMILAR,1,0.4473,0,0.4473,0.301,0.8395,6,8,8,3,34,5,90,0.00105879,0.00137948,0.00593772,0.00252688,0.00061904,0.03362692,0.06666667,0.17857143,1,25,5,0,0,0.0,3
CLM00248,2026-05-09,7776,121,323,0.1207,21.9213,3,8,1.0,24.0,4.3,0.366,0,Glass Damage,Zero Dep,SUV,Honda,Dealer,Delhi,0,0.366,NO_MATCH,0,0.881,1,0.881,0.8178,0.9447,6,9,4,5,34,3,110,0.00109172,0.00160484,0.00593772,0.00516855,0.00293495,0.03362692,0.06666667,0.11111111,1,25,4,0,1,0.333333,3
CLM00249,2026-02-15,153467,204,29,2.3622,0.6332,2,2,8.0,38.0,4.0,0.5363,1,Theft,Zero Dep,SUV,Hyundai,Surveyor,Pune,0,0.5363,SIMILAR,1,0.1058,0,0.1058,0.0323,0.4674,6,7,3,6,22,3,111,0.00109573,0.0013003,0.0040191,0.00101093,0.00264921,0.01691593,0.13333333,0.14285714,2,12,3,0,1,0.5,2
CLM00250,2026-03-01,21478,190,343,0.2903,6.9459,1,4,4.0,28.0,3.2,0.3884,1,Theft,Third Party,Hatchback,Tata,Hospital,Pune,0,0.3884,SIMILAR,1,0.3076,0,0.3076,0.1611,0.5422,6,5,2,4,20,3,111,0.00113161,0.00089891,0.00353992,0.00191815,0.00023806,0.01600983,0.06666667,0.3,1,12,3,0,1,0.5,2
CLM00251,2026-08-23,124182,15,376,2.4748,0.6716,2,22,3.0,23.0,4.3,0.4843,1,Accident,Zero Dep,Hatchback,Hyundai,Dealer,Mumbai,0,0.4843,SIMILAR,1,0.3921,0,0.3921,0.2395,0.8397,6,5,3,4,34,4,123,0.00111471,0.00101634,0.00593772,0.00233345,0.00303228,0.03362692,0.06666667,0.2,1,25,2,0,1,1.0,0
CLM00252,2026-05-29,147698,101,20,1.8271,1.0361,4,7,2.0,57.0,4.6,0.5508,1,Natural Disaster,Comprehensive,MUV,Honda,Hospital,Pune,0,0.5508,SIMILAR,1,0.4374,0,0.4374,0.2067,0.8218,6,11,3,5,21,3,111,0.00108999,0.00185403,0.00386897,0.00233462,0.00395972,0.01812876,0.13333333,0.09090909,2,11,5,0,1,0.25,2
CLM00253,2026-05-13,111389,117,103,6.3433,0.6383,2,9,8.0,42.0,4.3,0.4248,0,Fire,Zero Dep,MUV,Mahindra,Dealer,Mumbai,0,0.4248,NO_MATCH,0,0.5458,0,0.5458,0.3253,0.8397,6,5,3,6,34,5,123,0.0010976,0.00095802,0.00593772,0.00396834,0.00066667,0.03362692,0.06666667,0.2,1,25,2,0,0,0.0,1
CLM00254,2026-04-23,48412,137,171,1.4718,1.801,2,5,2.0,43.0,3.4,0.4951,1,Glass Damage,Zero Dep,Sedan,Tata,Surveyor,Delhi,0,0.4951,SIMILAR,1,0.3543,0,0.3543,0.1414,0.7232,6,7,8,8,26,2,110,0.00111604,0.00141313,0.00486327,0.00266535,0.00192196,0.03336735,0.06666667,0.0952381,1,11,2,0,0,0.0,0
CLM00255,2026-06-04,193036,95,34,3.9731,0.273,4,10,7.0,29.0,3.3,0.5091,1,Theft,Third Party,MUV,Tata,Garage,Delhi,0,0.5091,SIMILAR,1,0.233,0,0.233,0.0652,0.5759,6,7,8,5,25,5,110,0.00102635,0.00121731,0.00402168,0.0012869,0.00042981,0.02103591,0.06666667,0.19047619,1,16,4,0,0,0.0,3
CLM00256,2026-05-03,130572,127,170,4.6623,0.6856,3,9,4.0,58.0,3.5,0.4455,1,Theft,Zero Dep,MUV,Maruti,Garage,Ahmedabad,0,0.4455,SIMILAR,1,0.042,0,0.042,0.0285,0.2227,6,5,6,4,27,4,90,0.00108557,0.0009595,0.00478573,0.00160685,0.00234182,0.01906371,0.06666667,0.3,1,14,3,0,0,0.0,2
CLM00257,2026-06-01,270016,98,111,5.0408,0.6148,2,8,4.0,64.0,4.0,0.4297,1,Theft,Comprehensive,SUV,Honda,Dealer,Delhi,1,0.4297,SIMILAR,1,0.6173,1,0.6173,0.1751,0.8396,6,9,4,5,25,2,110,0.00111157,0.00160677,0.00441865,0.00328037,0.00132751,0.01796617,0.06666667,0.13888889,1,13,4,0,0,0.0,2
CLM00258,2026-06-03,152745,96,338,3.0241,0.6102,2,7,5.0,23.0,3.4,0.4796,1,Fire,Third Party,Sedan,Maruti,Surveyor,Ahmedabad,0,0.4796,SIMILAR,1,0.1465,0,0.1465,0.0581,0.4164,6,5,3,6,26,2,90,0.00113841,0.00094222,0.00486327,0.00122059,0.00034508,0.03336735,0.13333333,0.3,2,11,3,0,0,0.0,2
CLM00259,2026-02-26,222674,193,140,3.0746,0.5053,1,4,6.0,29.0,3.5,0.531,1,Theft,Third Party,MUV,Honda,Garage,Delhi,0,0.531,POSSIBLE_DUPLICATE,1,0.1536,0,0.1536,0.0546,0.4146,6,7,4,6,27,4,110,0.00107226,0.00121731,0.00478573,0.00086627,0.00042981,0.01906371,0.13333333,0.19047619,2,14,4,0,0,0.0,3
CLM00260,2026-06-25,94829,74,344,4.5767,1.4817,1,12,2.0,60.0,3.3,0.4688,1,Glass Damage,Third Party,MUV,Honda,Garage,Delhi,0,0.4688,SIMILAR,1,0.1206,0,0.1206,0.0205,0.3589,6,6,7,5,25,4,110,0.00105152,0.00109627,0.00402168,0.00226178,0.00076964,0.02103591,0.06666667,0.2,1,16,3,0,2,1.0,1
CLM00261,2026-01-05,58044,245,214,1.1452,1.6626,1,2,1.0,61.0,4.0,0.492,1,Glass Damage,Third Party,Sedan,Tata,Dealer,Pune,0,0.492,SIMILAR,1,0.1141,0,0.1141,0.0425,0.4771,6,6,5,3,25,6,111,0.00108582,0.00111081,0.00441865,0.00313839,0.00049859,0.01796617,0.06666667,0.26666667,1,13,4,0,0,0.0,2
CLM00262,2026-08-19,166152,19,110,3.4198,0.1728,2,14,7.0,48.0,3.3,0.5672,1,Glass Damage,Third Party,SUV,Mahindra,Garage,Delhi,0,0.5672,SIMILAR,1,0.0871,0,0.0871,0.0303,0.2242,6,7,8,4,25,3,110,0.00106644,0.00129222,0.00402168,0.00307524,0.00086144,0.02103591,0.06666667,0.19047619,1,16,4,0,1,0.333333,2
CLM00263,2026-07-31,5314,38,270,0.1616,5.9185,3,10,5.0,67.0,3.3,0.3769,0,Natural Disaster,Zero Dep,Hatchback,Hyundai,Surveyor,Surat,0,0.3769,NO_MATCH,0,0.4331,0,0.4331,0.2313,0.6772,6,9,8,3,22,3,91,0.00112449,0.00175484,0.00424323,0.00196556,0.00844017,0.03031276,0.13333333,0.13888889,1,11,4,0,0,0.0,1
CLM00264,2026-05-04,211977,126,104,4.1283,0.5008,4,4,7.0,21.0,4.6,0.4344,1,Fire,Zero Dep,MUV,Hyundai,Hospital,Mumbai,0,0.4344,SIMILAR,1,0.6146,1,0.6146,0.2729,0.8396,6,10,4,6,17,4,123,0.00107085,0.00170921,0.00308179,0.00132718,0.00096237,0.01695548,0.13333333,0.15555556,2,7,7,0,1,0.166667,6
CLM00265,2026-03-01,243573,190,0,10.1518,0.459,2,5,4.0,64.0,3.5,0.4704,1,Fire,Comprehensive,Hatchback,Honda,Garage,Mumbai,0,0.4704,SIMILAR,1,0.4799,0,0.4799,0.3105,0.8397,6,5,3,4,27,4,123,0.00111042,0.00096633,0.00478573,0.00197762,0.00074483,0.01906371,0.06666667,0.2,1,14,2,0,0,0.0,1
CLM00266,2026-07-22,6864,47,317,0.1099,19.8344,3,10,2.0,70.0,4.8,0.3878,1,Accident,Third Party,Sedan,Tata,Dealer,Ahmedabad,0,0.3878,SIMILAR,1,0.702,1,0.702,0.6606,0.92,6,4,3,8,22,5,90,0.00108842,0.00075684,0.00397522,0.00224361,3.185e-05,0.02019259,0.06666667,0.5,1,13,3,0,0,0.0,2
CLM00267,2026-01-28,45574,222,169,0.9082,1.1563,1,2,7.0,25.0,3.1,0.4182,0,Glass Damage,Zero Dep,Hatchback,Tata,Garage,Mumbai,0,0.4182,NO_MATCH,0,0.4486,0,0.4486,0.2617,0.8395,6,4,3,3,22,5,123,0.0011187,0.00076967,0.00389565,0.00260495,0.00187795,0.02002791,0.06666667,0.16666667,1,14,1,0,0,0.0,0
CLM00268,2026-06-06,77236,93,281,1.3008,2.207,4,7,1.0,48.0,3.2,0.4066,0,Natural Disaster,Third Party,Sedan,Hyundai,Hospital,Pune,0,0.4066,NO_MATCH,0,0.1729,0,0.1729,0.0474,0.5221,6,8,7,4,26,3,111,0.00110877,0.00154305,0.00490412,0.00305045,0.00387549,0.01762278,0.06666667,0.14285714,1,9,4,0,0,0.0,3
CLM00269,2026-05-23,131814,107,201,4.0075,1.0459,2,6,2.0,27.0,4.1,0.5082,1,Fire,Zero Dep,SUV,Mahindra,Hospital,Mumbai,0,0.5082,POSSIBLE_DUPLICATE,1,0.3969,0,0.3969,0.1103,0.6137,6,10,8,6,19,7,123,0.0010373,0.00172342,0.00339865,0.00094309,0.00136647,0.01025027,0.13333333,0.15555556,2,10,6,0,1,0.2,4
CLM00270,2026-07-11,65233,58,212,3.2177,2.4404,5,11,8.0,35.0,4.4,0.5054,1,Theft,Third Party,SUV,Hyundai,Dealer,Mumbai,0,0.5054,SIMILAR,1,0.462,0,0.462,0.18,0.628,6,10,8,6,27,3,123,0.0010685,0.0017409,0.00481519,0.00212554,0.00218976,0.03207056,0.06666667,0.13333333,1,16,6,0,0,0.0,2
CLM00271,2026-05-21,165963,109,309,8.0098,0.6397,3,7,3.0,29.0,3.7,0.5091,1,Accident,Third Party,Hatchback,Tata,Dealer,Delhi,0,0.5091,SIMILAR,1,0.1386,0,0.1386,0.0895,0.3042,6,7,7,3,21,4,110,0.00108258,0.00121731,0.00361305,0.00214923,0.00042981,0.02180532,0.06666667,0.19047619,1,13,4,0,0,0.0,3
CLM00272,2026-08-26,162350,12,149,4.0101,0.5137,4,13,1.0,53.0,4.0,0.6257,1,Accident,Zero Dep,SUV,Honda,Dealer,Pune,0,0.6257,SIMILAR,1,0.179,0,0.179,0.0744,0.5449,6,7,4,5,25,4,111,0.00107329,0.00124541,0.00441865,0.00346492,0.00085746,0.01796617,0.06666667,0.23809524,1,13,5,0,1,0.25,3
CLM00273,2026-07-05,105748,64,466,1.1801,1.668,3,8,2.0,69.0,3.3,0.4356,0,Natural Disaster,Third Party,Sedan,Maruti,Surveyor,Mumbai,0,0.4356,NO_MATCH,0,0.2504,0,0.2504,0.078,0.7909,6,8,4,5,22,2,123,0.00113212,0.00148982,0.00424323,0.00170434,0.00684966,0.03031276,0.13333333,0.14285714,2,11,4,0,0,0.0,3
CLM00274,2026-04-23,7807,137,338,0.091,21.698,1,3,3.0,23.0,4.6,0.4386,1,Glass Damage,Third Party,SUV,Hyundai,Garage,Ahmedabad,0,0.4386,POSSIBLE_DUPLICATE,1,0.7912,1,0.7912,0.761,0.8636,6,7,2,7,24,3,90,0.00113233,0.00126065,0.00463026,0.00297841,0.00188893,0.03104914,0.06666667,0.14285714,2,9,3,1,0,0.0,1
CLM00275,2026-06-22,14453,77,233,0.1781,7.7853,2,7,1.0,30.0,3.3,0.4327,1,Accident,Third Party,Sedan,Mahindra,Surveyor,Ahmedabad,0,0.4327,SIMILAR,1,0.5596,0,0.5596,0.3761,0.8395,6,4,5,4,22,4,90,0.00114011,0.00090384,0.00424323,0.00309581,0.00101172,0.03031276,0.06666667,0.33333333,1,11,2,0,0,0.0,1
CLM00276,2026-04-12,111286,148,165,2.1363,1.2556,2,3,3.0,67.0,4.1,0.5229,1,Glass Damage,Zero Dep,Hatchback,Tata,Hospital,Surat,0,0.5229,SIMILAR,1,0.2188,0,0.2188,0.0787,0.4403,6,9,6,3,19,3,91,0.0011318,0.00175484,0.00339865,0.0035179,0.00844017,0.01025027,0.06666667,0.13888889,2,10,4,1,0,0.0,2
CLM00277,2026-07-05,222517,64,342,2.9252,0.4354,2,11,1.0,32.0,4.4,0.4465,1,Glass Damage,Zero Dep,SUV,Honda,Dealer,Surat,0,0.4465,SIMILAR,1,0.2072,0,0.2072,0.104,0.6181,6,4,3,5,24,3,91,0.00111724,0.00077911,0.0042378,0.00255789,0.00014747,0.0263219,0.06666667,0.5,1,14,3,0,0,0.0,2
CLM00278,2026-04-27,248718,133,180,4.7745,0.437,1,4,6.0,63.0,3.3,0.3915,1,Accident,Zero Dep,SUV,Tata,Surveyor,Ahmedabad,0,0.3915,SIMILAR,1,0.3858,0,0.3858,0.1373,0.8396,6,3,6,3,22,2,90,0.00117219,0.00062785,0.00424323,0.0025021,0.00025998,0.03031276,0.06666667,0.33333333,1,11,1,0,0,0.0,0
CLM00279,2026-01-19,136902,231,160,5.0782,1.007,2,3,4.0,25.0,4.3,0.5266,1,Accident,Third Party,SUV,Maruti,Garage,Pune,0,0.5266,SIMILAR,1,0.066,0,0.066,0.0452,0.1448,6,4,3,5,21,7,111,0.00106504,0.00076497,0.00347891,0.00158355,3.095e-05,0.01346489,0.06666667,0.5,1,16,3,0,1,0.5,2
CLM00280,2026-09-05,103849,2,372,1.749,1.3114,3,13,8.0,47.0,4.8,0.4371,1,Theft,Third Party,MUV,Mahindra,Dealer,Surat,0,0.4371,SIMILAR,1,0.3004,0,0.3004,0.0983,0.609,6,6,7,6,22,3,91,0.00108023,0.00108941,0.00397522,0.00201136,0.00071532,0.02019259,0.06666667,0.2,1,13,3,0,1,0.5,2
CLM00281,2026-05-04,35479,126,206,0.5181,3.2507,3,4,3.0,35.0,3.2,0.446,1,Natural Disaster,Zero Dep,SUV,Honda,Hospital,Mumbai,0,0.446,SIMILAR,1,0.5171,0,0.5171,0.233,0.7918,6,10,2,5,26,2,123,0.00116175,0.0017409,0.00490412,0.00222477,0.00218976,0.01762278,0.06666667,0.13333333,2,9,6,1,0,0.0,3
CLM00282,2026-05-13,145417,117,47,2.8396,1.0978,1,12,7.0,61.0,3.1,0.4538,1,Theft,Zero Dep,Hatchback,Tata,Garage,Ahmedabad,1,0.4538,SIMILAR,1,0.5224,0,0.5224,0.1631,0.8297,6,5,4,3,22,2,90,0.00119921,0.00116811,0.00389565,0.00345619,0.00197593,0.02002791,0.06666667,0.1,1,14,1,0,0,0.0,0
CLM00283,2026-08-27,51788,11,216,0.6238,2.2698,4,13,3.0,67.0,3.5,0.4095,1,Fire,Third Party,SUV,Tata,Surveyor,Surat,0,0.4095,SIMILAR,1,0.239,0,0.239,0.1014,0.4454,6,9,3,4,20,4,91,0.00111802,0.00175484,0.00344607,0.00191462,0.00844017,0.01678725,0.06666667,0.13888889,1,14,4,0,0,0.0,1
CLM00284,2026-08-27,243532,11,542,6.202,0.4285,3,11,5.0,39.0,4.6,0.5178,1,Theft,Zero Dep,Sedan,Maruti,Hospital,Pune,0,0.5178,POSSIBLE_DUPLICATE,1,0.276,0,0.276,0.142,0.6628,6,6,6,6,21,3,111,0.00109293,0.00116126,0.00386897,0.00133258,0.00085877,0.01812876,0.13333333,0.2,2,11,3,0,1,0.5,2
CLM00285,2026-02-21,223874,198,293,2.822,0.449,1,5,2.0,32.0,3.1,0.5036,1,Glass Damage,Third Party,MUV,Honda,Surveyor,Surat,0,0.5036,POSSIBLE_DUPLICATE,1,0.1544,0,0.1544,0.102,0.6135,6,4,2,5,21,2,91,0.00118113,0.00077911,0.00368452,0.00204783,0.00014747,0.02344063,0.06666667,0.5,1,14,3,0,0,0.0,2
CLM00286,2026-09-02,178912,5,336,2.0108,0.9806,3,14,5.0,50.0,3.5,0.3855,0,Accident,Third Party,Sedan,Tata,Surveyor,Surat,0,0.3855,NO_MATCH,0,0.1961,0,0.1961,0.0668,0.2802,6,7,6,4,20,2,91,0.00111557,0.00135525,0.00344607,0.00264856,0.00154352,0.01678725,0.06666667,0.14285714,1,14,3,0,0,0.0,2
CLM00287,2026-05-07,240437,123,185,7.3099,0.3806,1,6,8.0,44.0,3.3,0.4389,1,Glass Damage,Zero Dep,Hatchback,Tata,Surveyor,Surat,0,0.4389,SIMILAR,1,0.4583,0,0.4583,0.2094,0.7497,6,7,8,3,22,5,91,0.0011068,0.0013006,0.00424323,0.00132951,0.00092681,0.03031276,0.13333333,0.14285714,2,11,3,1,0,0.0,1
CLM00288,2026-07-12,230933,57,338,9.607,0.481,2,16,3.0,24.0,4.3,0.4309,0,Natural Disaster,Third Party,Sedan,Tata,Dealer,Pune,1,0.4309,NO_MATCH,0,0.5137,0,0.5137,0.2869,0.8396,6,4,3,3,34,2,111,0.00114924,0.00076538,0.00593772,0.00389465,0.00073807,0.03362692,0.06666667,0.33333333,1,25,2,0,0,0.0,1
CLM00289,2026-02-14,124851,205,57,2.3479,0.1592,1,2,2.0,48.0,4.4,0.4722,1,Glass Damage,Third Party,MUV,Mahindra,Dealer,Delhi,0,0.4722,SIMILAR,1,0.2062,0,0.2062,0.0623,0.5006,6,6,3,4,27,5,110,0.00109723,0.00118804,0.00481519,0.00185224,0.00121921,0.03207056,0.06666667,0.13333333,1,16,2,0,0,0.0,1
CLM00290,2026-04-08,188078,152,106,2.7912,0.2646,2,7,3.0,25.0,4.4,0.5496,1,Theft,Third Party,Hatchback,Tata,Dealer,Delhi,1,0.5496,POSSIBLE_DUPLICATE,1,0.1829,0,0.1829,0.0765,0.3611,6,9,5,6,27,2,110,0.00109302,0.00155271,0.00481519,0.00158199,0.00174495,0.03207056,0.06666667,0.13888889,1,16,5,0,2,0.5,3
CLM00291,2026-04-04,53211,156,397,1.3551,3.026,2,3,6.0,45.0,3.3,0.4467,1,Theft,Zero Dep,MUV,Honda,Surveyor,Surat,0,0.4467,SIMILAR,1,0.6942,1,0.6942,0.3358,0.8395,6,10,6,6,22,6,91,0.00107615,0.0018902,0.00424323,0.00164585,0.00525279,0.03031276,0.06666667,0.04444444,1,11,2,0,0,0.0,1
CLM00292,2026-04-26,52156,134,333,0.6824,0.6393,4,7,3.0,58.0,4.3,0.4206,0,Glass Damage,Comprehensive,SUV,Tata,Dealer,Delhi,0,0.4206,NO_MATCH,0,0.4089,0,0.4089,0.2723,0.8086,6,8,4,3,34,6,110,0.00107016,0.00138458,0.00593772,0.00165463,0.00105367,0.03362692,0.06666667,0.17857143,1,25,5,0,0,0.0,4
CLM00293,2026-04-21,229476,139,276,3.3749,0.0764,3,3,2.0,59.0,4.6,0.5338,1,Theft,Zero Dep,MUV,Maruti,Hospital,Surat,0,0.5338,SIMILAR,1,0.5594,0,0.5594,0.1638,0.8395,6,9,4,4,17,5,91,0.00107916,0.00157895,0.00308179,0.00251267,0.00170683,0.01695548,0.06666667,0.11111111,1,7,4,0,0,0.0,2
CLM00294,2026-02-04,239165,215,43,3.5493,0.2957,1,4,2.0,69.0,3.1,0.4087,1,Glass Damage,Third Party,SUV,Mahindra,Garage,Pune,0,0.4087,SIMILAR,1,0.2594,0,0.2594,0.1202,0.7706,6,7,5,6,22,3,111,0.00107154,0.00124141,0.00389565,0.00078521,0.0006108,0.02002791,0.13333333,0.23809524,2,14,4,0,0,0.0,3
CLM00295,2026-08-08,162819,30,549,2.7342,0.8467,1,10,6.0,42.0,3.8,0.4768,1,Accident,Third Party,SUV,Hyundai,Dealer,Ahmedabad,1,0.4768,POSSIBLE_DUPLICATE,1,0.2712,0,0.2712,0.1169,0.7232,6,3,5,8,15,7,90,0.00106167,0.00061196,0.00258951,0.00137264,0.00081733,0.01284642,0.13333333,0.33333333,2,11,1,0,0,0.0,0
CLM00296,2026-04-26,200190,134,304,2.2973,0.8793,4,4,8.0,59.0,4.6,0.5338,1,Fire,Zero Dep,Hatchback,Honda,Garage,Surat,0,0.5338,SIMILAR,1,0.5025,0,0.5025,0.1093,0.8176,6,9,5,2,24,3,91,0.00115453,0.00157895,0.00463026,0.00679104,0.00170683,0.03104914,0.13333333,0.11111111,2,9,4,0,0,0.0,2
CLM00297,2026-02-01,97036,218,220,1.1136,0.5503,1,1,7.0,60.0,3.3,0.4551,1,Glass Damage,Zero Dep,Hatchback,Mahindra,Surveyor,Mumbai,0,0.4551,SIMILAR,1,0.2166,0,0.2166,0.0463,0.6426,6,6,5,3,16,4,123,0.0011329,0.00120838,0.00294923,0.00217994,0.00131441,0.01383975,0.06666667,0.2,1,9,3,0,0,0.0,1
CLM00298,2026-04-01,90220,159,215,1.5195,1.0739,2,6,3.0,37.0,3.2,0.4761,1,Natural Disaster,Third Party,SUV,Hyundai,Hospital,Surat,0,0.4761,SIMILAR,1,0.2551,0,0.2551,0.1334,0.5679,6,10,7,7,20,3,91,0.00107706,0.00178976,0.00353992,0.0016046,0.00280799,0.01600983,0.06666667,0.13333333,2,12,6,1,0,0.0,4
CLM00299,2026-04-29,170599,131,33,2.6304,0.2686,2,5,8.0,46.0,3.3,0.4784,1,Theft,Zero Dep,Sedan,Hyundai,Surveyor,Delhi,0,0.4784,SIMILAR,1,0.1499,0,0.1499,0.0326,0.5433,6,5,2,6,22,2,110,0.00116776,0.00092127,0.00424323,0.00523759,0.00025782,0.03031276,0.06666667,0.3,1,11,3,0,1,0.5,1
CLM00300,2026-03-29,64825,162,226,1.6713,1.3874,1,5,4.0,48.0,3.5,0.4339,1,Fire,Third Party,SUV,Mahindra,Surveyor,Surat,0,0.4339,SIMILAR,1,0.3569,0,0.3569,0.2717,0.6424,6,9,4,3,20,3,91,0.00111625,0.00169298,0.00344607,0.00335163,0.00218606,0.01678725,0.06666667,0.11111111,1,14,4,0,0,0.0,2
CLM00301,2026-08-09,100201,29,241,4.9426,0.2466,2,12,2.0,43.0,4.0,0.4224,0,Glass Damage,Third Party,MUV,Maruti,Surveyor,Mumbai,0,0.4224,NO_MATCH,0,0.2471,0,0.2471,0.1006,0.4755,6,6,8,4,22,3,123,0.00108562,0.00109706,0.0040191,0.00213052,0.00121073,0.01691593,0.06666667,0.13333333,1,12,2,0,0,0.0,1
CLM00302,2026-07-06,66506,63,69,2.6644,1.7623,3,8,7.0,27.0,3.3,0.456,1,Accident,Comprehensive,MUV,Tata,Surveyor,Mumbai,0,0.456,SIMILAR,1,0.5285,0,0.5285,0.1659,0.8394,6,10,4,5,16,2,123,0.00111013,0.00172342,0.00294923,0.0017572,0.00136647,0.01383975,0.13333333,0.15555556,1,9,6,0,1,0.2,4
CLM00303,2026-08-28,235343,10,260,11.6087,0.3727,3,16,7.0,23.0,4.3,0.3996,0,Accident,Third Party,Hatchback,Maruti,Garage,Ahmedabad,0,0.3996,NO_MATCH,0,0.4158,0,0.4158,0.3016,0.8094,6,5,8,4,21,3,90,0.00107992,0.00094222,0.00347891,0.00216406,0.00034508,0.01346489,0.06666667,0.3,1,16,3,0,0,0.0,2
CLM00304,2026-06-08,45704,91,179,2.2544,3.3482,4,11,8.0,50.0,4.3,0.5199,1,Natural Disaster,Third Party,SUV,Mahindra,Garage,Ahmedabad,1,0.5199,SIMILAR,1,0.4274,0,0.4274,0.2078,0.575,6,9,8,3,21,3,90,0.00108629,0.00167767,0.00347891,0.0021168,0.00258639,0.01346489,0.06666667,0.11111111,1,16,4,0,1,0.333333,3
CLM00305,2026-02-02,39413,217,190,0.7148,0.8374,3,1,2.0,61.0,4.0,0.425,1,Theft,Comprehensive,Hatchback,Honda,Surveyor,Pune,0,0.425,SIMILAR,1,0.0872,0,0.0872,0.0591,0.4884,6,6,8,2,22,2,111,0.00114688,0.00111081,0.0040191,0.002043,0.00049859,0.01691593,0.13333333,0.26666667,2,12,4,0,0,0.0,2
CLM00306,2026-09-07,233300,0,479,5.7003,0.1989,2,14,3.0,35.0,3.5,0.3783,0,Fire,Zero Dep,Hatchback,Mahindra,Garage,Delhi,0,0.3783,NO_MATCH,0,0.2342,0,0.2342,0.0966,0.6063,6,5,7,3,27,3,110,0.00109186,0.00094147,0.00478573,0.00316654,0.00203686,0.01906371,0.13333333,0.2,2,14,2,0,0,0.0,1
CLM00307,2026-04-27,170425,133,127,6.6763,0.7528,3,3,2.0,43.0,3.2,0.4665,1,Glass Damage,Zero Dep,SUV,Mahindra,Hospital,Pune,0,0.4665,SIMILAR,1,0.3091,0,0.3091,0.1024,0.5584,6,8,2,6,26,3,111,0.00113443,0.0015595,0.00490412,0.00282707,0.00805818,0.01762278,0.06666667,0.14285714,1,9,4,0,0,0.0,2
CLM00308,2026-05-19,64540,111,430,1.8319,2.0698,2,5,4.0,24.0,4.1,0.464,1,Natural Disaster,Zero Dep,Hatchback,Honda,Hospital,Mumbai,0,0.464,SIMILAR,1,0.3163,0,0.3163,0.105,0.5786,6,8,4,6,19,4,123,0.0010768,0.00140925,0.00339865,0.00091113,0.00393846,0.01025027,0.13333333,0.14285714,2,10,4,0,0,0.0,3
CLM00309,2026-01-03,5024,247,189,0.088,26.3115,1,1,7.0,42.0,4.0,0.3304,0,Theft,Third Party,SUV,Hyundai,Dealer,Mumbai,0,0.3304,NO_MATCH,0,0.7945,1,0.7945,1.0,0.9497,6,5,2,4,25,4,123,0.00112696,0.00095802,0.00441865,0.00219605,0.00066667,0.01796617,0.06666667,0.2,1,13,2,0,0,0.0,1
CLM00310,2026-08-31,203042,7,241,3.9939,0.3901,3,12,8.0,44.0,4.8,0.4704,1,Accident,Zero Dep,MUV,Maruti,Dealer,Pune,0,0.4704,POSSIBLE_DUPLICATE,1,0.3236,0,0.3236,0.1432,0.5256,6,7,2,6,22,2,111,0.00116134,0.00133265,0.00397522,0.00246551,0.00587197,0.02019259,0.06666667,0.14285714,1,13,3,0,0,0.0,2
CLM00311,2026-04-06,54432,154,103,0.6861,0.3266,4,4,1.0,22.0,3.3,0.4117,1,Glass Damage,Comprehensive,Sedan,Mahindra,Surveyor,Mumbai,0,0.4117,SIMILAR,1,0.4619,0,0.4619,0.2202,0.8395,6,7,3,4,16,5,123,0.0011045,0.0012312,0.00294923,0.00227613,0.00013471,0.01383975,0.06666667,0.28571429,1,9,6,0,3,0.6,4
CLM00312,2026-06-15,107163,84,323,1.9436,1.1555,2,7,8.0,34.0,4.8,0.5423,1,Theft,Comprehensive,SUV,Maruti,Dealer,Delhi,0,0.5423,SIMILAR,1,0.2892,0,0.2892,0.1021,0.5889,6,5,8,2,22,4,110,0.00111867,0.00093159,0.00397522,0.00167924,0.00024359,0.02019259,0.13333333,0.3,3,13,3,1,0,0.0,1
CLM00313,2026-07-24,243539,45,180,3.264,0.3646,1,9,7.0,43.0,3.4,0.4856,1,Fire,Comprehensive,Sedan,Maruti,Surveyor,Ahmedabad,0,0.4856,POSSIBLE_DUPLICATE,1,0.314,0,0.314,0.1595,0.8309,6,4,3,6,26,2,90,0.00118434,0.00094974,0.00486327,0.0010373,0.00126395,0.03336735,0.13333333,0.16666667,2,11,1,0,0,0.0,0
CLM00314,2026-08-07,22947,31,510,0.6513,1.4546,4,13,8.0,34.0,3.1,0.4892,1,Fire,Zero Dep,SUV,Hyundai,Garage,Ahmedabad,0,0.4892,SIMILAR,1,0.5198,0,0.5198,0.3337,0.8396,6,8,4,4,22,3,90,0.00109436,0.00137948,0.00389565,0.00185282,0.00061904,0.02002791,0.06666667,0.17857143,1,14,5,0,0,0.0,3
CLM00315,2026-06-09,133973,90,213,3.7467,1.1115,4,6,3.0,28.0,3.8,0.4553,1,Accident,Comprehensive,MUV,Mahindra,Dealer,Mumbai,0,0.4553,SIMILAR,1,0.3491,0,0.3491,0.0887,0.5784,6,9,4,4,15,3,123,0.00109486,0.00164446,0.00258951,0.00301656,0.00188059,0.01284642,0.06666667,0.11111111,1,11,4,0,1,0.333333,3
CLM00316,2026-03-14,122150,177,364,3.467,1.4057,1,6,5.0,49.0,3.3,0.4759,1,Theft,Zero Dep,Hatchback,Hyundai,Garage,Delhi,1,0.4759,SIMILAR,1,0.1726,0,0.1726,0.0828,0.1914,6,9,4,3,25,4,110,0.00107358,0.00158368,0.00402168,0.00155743,0.00328969,0.02103591,0.13333333,0.11111111,1,16,4,0,0,0.0,3
CLM00317,2026-04-18,86677,142,397,5.5117,1.8576,2,7,3.0,50.0,3.1,0.4523,1,Natural Disaster,Zero Dep,MUV,Hyundai,Surveyor,Surat,0,0.4523,SIMILAR,1,0.3331,0,0.3331,0.1271,0.5378,6,7,3,3,21,6,91,0.00111681,0.00135525,0.00368452,0.00207878,0.00154352,0.02344063,0.06666667,0.14285714,1,14,3,0,0,0.0,2
CLM00318,2026-07-12,43296,57,253,0.5335,2.4812,4,9,7.0,24.0,3.5,0.4327,1,Accident,Third Party,Sedan,Honda,Surveyor,Delhi,1,0.4327,SIMILAR,1,0.2609,0,0.2609,0.1092,0.3288,6,9,5,4,20,4,110,0.00107105,0.00160484,0.00344607,0.00301474,0.00293495,0.01678725,0.06666667,0.11111111,1,14,4,0,0,0.0,3
CLM00319,2026-01-04,36971,246,0,1.0547,0.241,1,1,8.0,62.0,4.3,0.491,1,Theft,Third Party,MUV,Mahindra,Dealer,Surat,0,0.491,SIMILAR,1,0.7354,1,0.7354,0.4837,0.8866,6,7,4,6,34,3,91,0.00108509,0.00123894,0.00593772,0.0009043,0.00021967,0.03362692,0.13333333,0.28571429,3,25,6,1,1,0.2,3
CLM00320,2026-02-20,125805,199,189,3.0184,0.2173,2,3,7.0,50.0,4.6,0.4903,1,Accident,Comprehensive,Hatchback,Hyundai,Hospital,Ahmedabad,0,0.4903,SIMILAR,1,0.3299,0,0.3299,0.1144,0.565,6,9,6,4,21,2,90,0.00113368,0.00167767,0.00386897,0.00485618,0.00258639,0.01812876,0.06666667,0.11111111,1,11,4,0,2,0.666667,3
